Day,Tmstamp,Wspd,Wdir,Etmp,Patv,Pab1,Pab2,Pab3,Ndir
207,0:00,12.89,4.19,0.86,1518.68,9.9,9.9,9.9,128.67
207,0:10,12.46,4.95,0.75,1518.55,9.29,9.29,9.29,128.67
207,0:20,12.29,8.66,0.62,1519.11,8.91,8.91,8.91,128.67
207,0:30,13.5,0.37,0.54,1518.39,10.52,10.52,10.52,136.68
207,0:40,13.94,-4.24,0.56,1519.24,11.23,11.23,11.23,139.27
207,0:50,13.8,-3.15,0.66,1518.87,11.09,11.09,11.09,139.27
207,1:00,13.7,-2.91,0.71,1519.07,11.13,11.13,11.13,139.27
207,1:10,13.94,-2.69,0.73,1518.64,11.01,11.01,11.01,139.27
207,1:20,13.79,-4.96,0.53,1519.36,10.5,10.5,10.5,139.27
207,1:30,14.13,-5.22,0.48,1518.43,11.2,11.2,11.2,139.27
207,1:40,14.45,-4.69,0.36,1518.67,12.13,12.13,12.13,139.27
207,1:50,14.54,-5.49,0.35,1518.12,11.72,11.72,11.72,139.27
207,2:00,14.96,-5.6,0.3,1518.84,12.71,12.71,12.71,139.28
207,2:10,14.93,-5.95,0.22,1517.14,12.45,12.45,12.45,139.3
207,2:20,14.69,-4.51,0.17,1516.83,12.36,12.36,12.36,139.36
207,2:30,13.74,-6.67,0.1,1517.88,10.59,10.59,10.59,139.37
207,2:40,13.43,-8.66,-0.21,1517.14,9.07,9.07,9.07,139.37
207,2:50,14.37,-8.97,-0.29,1515.64,10.83,10.83,10.83,139.37
207,3:00,11.47,-3.77,-0.64,1517.47,6.48,6.48,6.48,132.64
207,3:10,13.44,3.16,-0.1,1517.55,10.79,10.79,10.79,128.69
207,3:20,13.27,0.82,-0.11,1517.57,10.64,10.64,10.64,128.69
207,3:30,13.17,0.6,-0.09,1516.37,10.28,10.28,10.28,128.69
207,3:40,12.84,-0.27,-0.22,1517.36,10.06,10.06,10.06,128.69
207,3:50,12.84,1.13,-0.28,1518.48,10.06,10.06,10.06,128.69
207,4:00,12.86,5.75,-0.22,1518.74,10.29,10.29,10.29,128.69
207,4:10,13.14,6.52,-0.21,1517.66,11.04,11.04,11.04,128.69
207,4:20,13.37,7.87,-0.2,1518.32,11.29,11.29,11.29,128.69
207,4:30,13.94,-0.08,-0.42,1518.63,11.08,11.08,11.08,136.65
207,4:40,14.56,-3.6,-0.43,1517.97,12.31,12.31,12.31,139.27
207,4:50,14.52,-5.28,-0.46,1518.3,11.88,11.88,11.88,139.27
207,5:00,14.41,-4.23,-0.59,1518.29,11.95,11.95,11.95,139.27
207,5:10,14.1,-4.52,-0.64,1518.15,11.27,11.27,11.27,139.27
207,5:20,13.62,-4.47,-0.77,1518.42,10.74,10.74,10.74,139.27
207,5:30,14.38,-1.63,-0.55,1516.94,12.13,12.13,12.13,139.28
207,5:40,13.37,-3.82,-0.71,1518.99,10.22,10.22,10.22,139.3
207,5:50,14.27,-3.49,-0.83,1518.29,11.85,11.85,11.85,139.3
207,6:00,13.44,-4.18,-0.86,1519.07,11.34,11.34,11.34,139.3
207,6:10,13.45,-4.26,-0.92,1518.18,11.37,11.37,11.37,139.3
207,6:20,14.25,-4.77,-0.94,1517.45,11.39,11.39,11.39,139.3
207,6:30,14.34,-4.88,-0.88,1518.79,11.57,11.57,11.57,139.3
207,6:40,14.1,-5.46,-0.91,1518.6,11.18,11.18,11.18,139.3
207,6:50,12.91,-4.9,-1.13,1518.49,10.48,10.48,10.48,139.3
207,7:00,12.49,-6.06,-1.32,1518.47,9.65,9.65,9.65,139.3
207,7:10,14.61,-5.4,-1.09,1517.49,12.05,12.05,12.05,139.3
207,7:20,13.56,-6.34,-1.16,1518.68,9.89,9.89,9.89,139.3
207,7:30,12.4,-3.58,-1.34,1519.23,8.43,8.43,8.43,139.3
207,7:40,12.65,-1.2,-1.29,1518.43,8.85,8.85,8.85,139.3
207,7:50,12.46,-0.76,-1.23,1519.04,8.79,8.79,8.79,139.3
207,8:00,13.34,-2.94,-1.25,1518.56,10.08,10.08,10.08,139.3
207,8:10,14.36,-6.01,-1.15,1518.03,10.88,10.88,10.88,139.3
207,8:20,14.03,2.74,-1.13,1518.94,11.53,11.53,11.53,129.91
207,8:30,14.46,7.88,-0.92,1518.31,12.6,12.6,12.6,128.68
207,8:40,15.11,8.46,-0.72,1518.15,13.6,13.6,13.6,128.67
207,8:50,15.87,-3.07,-0.78,1518.66,14.02,14.02,14.02,138.55
207,9:00,15.84,-4.5,-0.83,1518.14,14.0,14.0,14.0,139.23
207,9:10,14.59,-2.85,-0.75,1517.8,12.35,12.35,12.35,139.23
207,9:20,13.83,-4.88,-0.84,1517.84,10.99,10.99,10.99,139.23
207,9:30,12.62,-5.59,-0.96,1516.64,8.75,8.75,8.75,139.23
207,9:40,12.38,-3.88,-1.07,1517.08,8.57,8.57,8.57,139.26
207,9:50,12.37,-2.94,-0.7,1516.87,9.55,9.55,9.55,139.27
207,10:00,11.66,-2.46,-0.6,1516.06,8.64,8.64,8.64,139.27
207,10:10,10.83,-0.52,-0.56,1516.51,6.54,6.54,6.54,139.27
207,10:20,10.57,2.16,-0.38,1516.66,6.33,6.33,6.33,139.32
207,10:30,11.52,3.65,0.13,1517.23,7.33,7.33,7.33,139.35
207,10:40,15.06,3.37,1.06,1518.58,13.29,13.29,13.29,145.37
207,10:50,16.53,3.53,1.68,1517.62,15.38,15.38,15.38,147.06
207,11:00,15.43,0.14,1.79,1515.13,13.93,13.93,13.93,147.06
207,11:10,16.13,3.35,1.97,1517.69,14.85,14.85,14.85,147.06
207,11:20,15.68,3.89,2.1,1517.62,14.14,14.14,14.14,147.06
207,11:30,14.51,3.0,2.28,1516.17,12.45,12.45,12.45,147.06
207,11:40,13.6,3.32,2.4,1515.94,10.89,10.89,10.89,147.06
207,11:50,14.42,1.05,2.5,1519.09,11.84,11.84,11.84,147.06
207,12:00,15.19,2.37,2.62,1517.35,13.19,13.19,13.19,147.06
207,12:10,14.51,1.7,2.74,1518.49,11.97,11.97,11.97,147.06
207,12:20,15.03,1.39,2.82,1517.88,12.89,12.89,12.89,147.06
207,12:30,13.21,0.02,2.73,1517.71,9.34,9.34,9.34,151.14
207,12:40,13.21,1.69,2.89,1518.22,9.93,9.93,9.93,147.06
207,12:50,13.35,3.48,3.0,1517.82,10.02,10.02,10.02,147.06
207,13:00,13.19,0.32,3.05,1517.18,9.28,9.28,9.28,151.74
207,13:10,13.48,-7.48,2.97,1516.21,9.1,9.1,9.1,155.87
207,13:20,13.02,3.18,3.19,1518.39,9.09,9.09,9.09,150.99
207,13:30,12.12,0.45,3.14,1517.98,7.63,7.63,7.63,151.65
207,13:40,11.18,-0.9,3.22,1518.45,6.65,6.65,6.65,152.39
207,13:50,11.56,1.67,3.4,1519.37,7.6,7.6,7.6,150.04
207,14:00,11.44,1.18,3.48,1508.62,5.98,5.98,5.98,154.62
207,14:10,12.12,-2.37,3.67,1516.9,6.35,6.35,6.35,156.37
207,14:20,10.84,-2.25,3.62,1510.13,5.23,5.22,5.22,155.42
207,14:30,10.34,0.49,3.69,1462.25,2.79,2.79,2.79,158.96
207,14:40,9.55,-1.86,3.16,1447.61,1.36,1.36,1.36,157.39
207,14:50,10.39,-0.86,3.34,1477.96,2.97,2.97,2.97,152.41
207,15:00,11.17,1.25,3.86,1511.71,4.25,4.25,4.25,151.71
207,15:10,10.99,0.05,3.91,1503.36,3.59,3.59,3.59,151.29
207,15:20,11.03,-2.16,3.88,1502.47,3.17,3.17,3.17,152.45
207,15:30,10.08,-0.37,3.65,1428.19,1.09,1.09,1.09,149.15
207,15:40,9.68,-2.83,3.38,1409.92,0.82,0.82,0.82,153.96
207,15:50,10.02,-1.74,3.73,1450.61,1.4,1.4,1.4,151.43
207,16:00,9.71,0.39,3.71,1385.86,0.54,0.54,0.54,151.8
207,16:10,9.92,2.4,3.74,1460.38,0.79,0.79,0.79,153.87
207,16:20,9.27,2.11,3.95,1415.67,0.49,0.49,0.49,153.87
207,16:30,7.95,0.76,3.4,1034.43,0.03,0.03,0.03,153.87
207,16:40,7.06,1.77,3.0,745.08,0.03,0.04,0.03,152.9
207,16:50,7.03,1.48,3.33,708.45,0.03,0.04,0.03,150.25
207,17:00,7.03,-1.12,2.9,708.84,0.03,0.04,0.03,148.83
207,17:10,6.31,-1.26,3.35,562.33,0.03,0.04,0.03,148.94
207,17:20,5.95,2.31,3.38,511.3,0.03,0.04,0.03,147.91
207,17:30,6.04,-0.14,3.39,498.85,0.03,0.04,0.03,150.03
207,17:40,5.25,-0.07,3.08,398.07,0.03,0.04,0.03,150.04
207,17:50,3.91,-4.74,2.86,202.45,0.03,0.04,0.03,163.89
207,18:00,3.64,4.13,3.16,169.93,0.03,0.04,0.03,163.95
207,18:10,3.88,-0.94,2.47,222.55,0.03,0.04,0.03,174.34
207,18:20,4.94,-7.46,2.29,279.2,0.03,0.04,0.03,174.41
207,18:30,5.38,-3.73,2.0,345.24,0.03,0.04,0.03,168.33
207,18:40,4.78,-3.74,1.77,334.18,0.03,0.04,0.03,165.67
207,18:50,4.37,-6.46,1.72,253.97,0.03,0.04,0.03,165.67
207,19:00,5.31,-3.52,1.55,410.71,0.03,0.04,0.03,165.67
207,19:10,5.8,-3.34,1.54,466.28,0.03,0.04,0.03,165.67
207,19:20,5.76,-5.28,1.48,409.09,0.03,0.04,0.03,165.67
207,19:30,5.8,-6.01,1.44,413.96,0.03,0.04,0.03,165.67
207,19:40,5.75,-5.97,1.39,418.02,0.03,0.04,0.03,163.06
207,19:50,6.02,2.2,1.3,497.17,0.03,0.04,0.03,157.1
207,20:00,6.56,2.54,1.19,572.56,0.03,0.04,0.03,160.71
207,20:10,6.63,-4.48,1.19,532.86,0.03,0.04,0.03,165.67
207,20:20,6.41,-5.4,1.15,503.8,0.03,0.04,0.03,162.82
207,20:30,6.62,-4.62,1.13,557.65,0.03,0.04,0.03,153.97
207,20:40,7.21,1.78,1.04,747.9,0.03,0.04,0.03,148.49
207,20:50,7.4,1.58,0.31,851.26,0.03,0.04,0.03,148.49
207,21:00,7.94,4.31,0.33,974.57,0.03,0.04,0.03,148.49
207,21:10,8.35,3.55,0.47,1040.19,0.03,0.04,0.03,148.49
207,21:20,8.9,2.42,0.56,1036.18,0.03,0.04,0.03,148.49
207,21:30,8.41,-1.81,0.16,944.23,0.03,0.04,0.03,148.49
207,21:40,8.42,-5.53,-0.09,950.96,0.03,0.04,0.03,148.49
207,21:50,8.65,-6.33,-0.11,997.6,0.03,0.04,0.03,148.49
207,22:00,8.05,-1.88,-0.36,946.88,0.03,0.04,0.03,140.09
207,22:10,8.21,-1.26,-0.5,983.9,0.03,0.04,0.03,139.91
207,22:20,8.14,-2.26,-0.6,966.03,0.03,0.04,0.03,139.91
207,22:30,7.92,-2.88,-0.69,870.21,0.03,0.04,0.03,139.91
207,22:40,7.07,-4.22,-0.44,665.94,0.03,0.04,0.03,139.91
207,22:50,6.37,-5.39,-0.32,551.37,0.03,0.04,0.03,134.15
207,23:00,6.15,-3.13,-0.24,545.45,0.03,0.04,0.03,127.4
207,23:10,6.23,1.01,-0.18,520.01,0.03,0.04,0.03,122.77
207,23:20,5.82,-1.58,-0.13,463.99,0.03,0.04,0.03,122.77
207,23:30,5.69,-0.86,-0.15,448.95,0.03,0.04,0.03,122.77
207,23:40,5.17,-2.2,-0.24,361.75,0.03,0.04,0.03,122.77
207,23:50,5.48,-0.73,-0.19,420.7,0.03,0.04,0.03,122.77
208,0:00,5.61,5.03,-0.11,494.8,0.03,0.04,0.03,122.77
208,0:10,5.54,-0.86,-0.26,439.73,0.03,0.04,0.03,130.36
208,0:20,4.62,-5.85,-0.31,287.83,0.03,0.04,0.03,131.35
208,0:30,3.87,-3.74,-0.37,206.62,0.03,0.04,0.03,123.73
208,0:40,3.13,-1.14,-0.39,143.22,0.03,0.04,0.03,120.77
208,0:50,3.45,2.61,0.09,158.09,0.03,0.04,0.03,120.77
208,1:00,2.85,1.49,-0.18,123.2,0.03,0.04,0.03,120.77
208,1:10,2.25,4.67,0.42,47.03,0.03,0.04,0.03,120.77
208,1:20,1.18,2.49,0.7,-2.04,0.04,0.04,0.04,120.77
208,1:30,1.19,-5.72,0.31,-0.3,80.02,80.05,80.05,120.74
208,1:40,1.05,1.14,-0.29,-0.3,90.13,90.17,90.17,120.73
208,1:50,0.88,2.03,-0.6,-0.3,90.13,90.17,90.17,120.73
208,2:00,0.86,21.56,-0.7,-0.3,90.13,90.17,90.17,120.73
208,2:10,0.8,45.28,-0.57,-0.3,90.13,90.17,90.17,120.73
208,2:20,0.6,87.55,-0.26,-0.3,90.13,90.17,90.17,120.73
208,2:30,0.46,131.82,-0.64,-0.3,90.13,90.17,90.17,120.73
208,2:40,0.95,143.76,-0.96,-0.3,90.13,90.17,90.17,120.73
208,2:50,1.28,154.29,-1.72,-0.3,90.13,90.17,90.17,120.73
208,3:00,1.44,161.13,-1.98,-0.3,90.13,90.17,90.17,120.73
208,3:10,1.23,164.03,-2.03,-0.3,90.13,90.17,90.17,120.73
208,3:20,1.27,159.07,-2.09,-0.3,90.13,90.17,90.17,120.73
208,3:30,1.42,133.2,-2.05,-0.3,90.13,90.17,90.17,120.73
208,3:40,1.81,79.62,-1.76,-0.3,90.13,90.17,90.17,120.73
208,3:50,2.23,90.79,-1.72,-0.3,90.13,90.17,90.17,120.73
208,4:00,2.36,118.7,-1.63,-0.3,90.13,90.17,90.17,120.73
208,4:10,2.71,73.66,-1.76,-0.3,87.25,87.29,87.28,199.9
208,4:20,3.33,-5.13,-1.85,104.34,1.08,1.08,1.08,292.33
208,4:30,2.84,-4.95,-1.54,87.38,0.01,0.01,0.01,292.33
208,4:40,3.59,-4.23,-1.53,155.88,0.01,0.01,0.01,292.33
208,4:50,4.14,2.79,-1.01,233.53,0.01,0.01,0.01,295.06
208,5:00,3.97,-3.41,-0.94,197.0,0.01,0.01,0.01,302.98
208,5:10,4.36,-7.61,-1.15,241.46,0.01,0.01,0.01,302.98
208,5:20,4.42,-4.68,-1.62,265.02,0.01,0.01,0.01,302.98
208,5:30,4.57,-6.77,-1.51,257.03,0.01,0.01,0.01,302.98
208,5:40,3.63,-6.3,-2.18,148.77,0.01,0.01,0.01,302.98
208,5:50,2.97,-2.2,-1.75,105.03,0.01,0.01,0.01,302.98
208,6:00,3.22,1.3,-1.4,115.29,0.01,0.01,0.01,302.98
208,6:10,2.57,2.63,-1.87,94.14,0.01,0.01,0.01,302.98
208,6:20,2.8,4.67,-1.69,127.45,0.01,0.01,0.01,302.98
208,6:30,1.81,8.42,-1.39,29.85,0.01,0.01,0.01,302.98
208,6:40,2.04,7.28,-1.27,26.42,0.01,0.01,0.01,310.29
208,6:50,1.78,6.77,-1.95,13.91,0.01,0.01,0.01,315.57
208,7:00,1.63,3.73,-1.97,-1.16,0.01,0.01,0.01,325.89
208,7:10,1.44,-4.3,-2.37,-0.3,83.26,83.07,83.27,328.19
208,7:20,1.76,-10.54,-3.25,-0.3,90.17,89.96,90.18,328.19
208,7:30,1.66,-21.95,-3.34,-0.3,90.17,89.96,90.18,328.19
208,7:40,1.79,-26.02,-3.13,-0.3,90.17,89.96,90.18,328.19
208,7:50,1.78,-27.21,-3.01,-0.3,90.17,89.96,90.18,328.19
208,8:00,1.63,-30.15,-3.12,-0.3,90.17,89.96,90.18,328.19
208,8:10,1.89,-13.35,-3.51,-0.3,90.17,89.96,90.18,328.19
208,8:20,1.97,0.87,-4.06,-0.3,90.17,89.96,90.18,328.19
208,8:30,2.27,-3.46,-4.02,-0.3,90.17,89.96,90.18,328.19
208,8:40,2.47,-2.38,-3.9,-0.3,90.17,89.96,90.18,328.19
208,8:50,2.26,-1.91,-3.88,-0.3,35.4,35.34,35.4,328.19
208,9:00,2.87,-0.1,-3.15,19.28,32.39,32.36,32.4,328.19
208,9:10,3.05,-1.42,-2.67,91.64,0.01,0.01,0.01,328.19
208,9:20,1.97,2.92,-2.17,22.59,0.01,0.01,0.01,328.19
208,9:30,2.06,6.26,-1.62,30.34,0.01,0.01,0.01,344.72
208,9:40,2.13,6.9,-1.23,25.48,0.01,0.01,0.01,353.31
208,9:50,1.85,2.31,-1.1,15.49,0.01,0.01,0.01,353.31
208,10:00,2.25,7.37,-0.58,36.63,0.01,0.01,0.01,353.78
208,10:10,1.68,2.05,-0.31,27.12,0.01,0.01,0.01,365.84
208,10:20,1.64,5.08,-0.2,14.1,0.01,0.01,0.01,365.84
208,10:30,2.16,7.09,0.3,45.9,0.01,0.01,0.01,365.84
208,10:40,2.11,4.75,0.5,43.83,0.01,0.01,0.01,365.84
208,10:50,1.82,2.06,-0.34,9.46,0.01,0.01,0.01,365.84
208,11:00,1.84,2.8,0.29,12.11,0.01,0.01,0.01,365.84
208,11:10,1.89,-2.5,0.81,6.64,0.01,0.01,0.01,365.84
208,11:20,1.96,-8.78,1.05,18.03,0.01,0.01,0.01,357.06
208,11:30,1.96,-4.16,0.98,29.45,0.01,0.01,0.01,344.06
208,11:40,2.76,-0.93,1.13,75.32,0.01,0.01,0.01,340.7
208,11:50,3.25,-7.27,1.39,111.6,0.01,0.01,0.01,340.7
208,12:00,3.85,-5.36,1.21,172.15,0.01,0.01,0.01,340.7
208,12:10,4.45,-2.71,1.46,214.95,1.37,1.37,1.37,337.71
208,12:20,4.27,-0.89,2.3,127.3,29.85,29.85,29.85,340.52
208,12:30,3.96,-10.35,1.77,-0.3,90.17,90.18,90.17,340.69
208,12:40,4.91,-9.36,2.11,-0.3,90.17,90.18,90.17,340.69
208,12:50,5.13,-17.12,2.43,-0.3,90.17,90.18,90.17,340.69
208,13:00,6.08,-3.53,2.81,161.41,28.54,28.54,28.54,330.77
208,13:10,6.35,-1.53,3.87,421.93,4.93,4.92,4.93,327.47
208,13:20,7.18,0.2,2.86,704.88,1.62,1.61,1.62,325.35
208,13:30,6.99,-1.03,2.87,408.36,15.4,15.4,15.41,325.46
208,13:40,5.28,5.91,2.8,-0.3,90.17,90.11,90.17,321.7
208,13:50,5.88,2.42,2.96,164.37,39.65,39.63,39.65,324.45
208,14:00,6.01,2.58,3.73,122.3,50.25,50.16,50.26,314.93
208,14:10,5.92,4.1,3.2,-0.3,90.17,89.98,90.17,311.3
208,14:20,6.88,1.55,3.44,152.51,40.76,40.7,40.76,315.97
208,14:30,6.17,-0.64,4.34,456.25,3.51,3.51,3.51,320.82
208,14:40,6.52,0.83,3.59,737.67,0.71,0.7,0.7,320.87
208,14:50,5.89,-0.89,3.29,434.77,0.64,0.64,0.64,332.31
208,15:00,6.28,-0.11,3.32,574.53,0.01,0.02,0.01,325.24
208,15:10,5.87,-0.06,3.18,468.77,0.01,0.01,0.01,328.95
208,15:20,6.8,-1.05,3.38,678.85,0.01,0.01,0.01,325.54
208,15:30,6.15,0.05,3.32,505.45,2.6,2.6,2.6,317.49
208,15:40,6.76,-0.05,4.14,328.58,7.79,7.79,7.79,323.83
208,15:50,7.33,-2.76,4.17,253.61,11.13,11.13,11.13,327.31
208,16:00,7.38,0.99,4.92,224.19,11.57,11.57,11.57,324.47
208,16:10,8.07,-1.24,4.71,239.55,12.95,12.95,12.95,327.89
208,16:20,7.51,-0.39,4.7,508.68,6.16,6.16,6.16,331.53
208,16:30,7.32,-3.49,3.88,723.83,1.25,1.25,1.25,333.85
208,16:40,5.98,0.15,3.02,563.63,0.12,0.12,0.12,318.92
208,16:50,6.96,-0.8,3.35,699.76,0.08,0.08,0.08,325.59
208,17:00,6.03,-1.03,3.16,471.64,1.15,1.15,1.15,320.65
208,17:10,6.48,-1.3,3.42,555.86,1.53,1.53,1.53,316.7
208,17:20,5.62,-1.24,3.27,455.47,0.38,0.38,0.38,319.12
208,17:30,5.16,-1.07,3.15,390.25,0.07,0.07,0.07,318.02
208,17:40,5.47,-0.28,3.29,414.28,0.04,0.04,0.03,317.05
208,17:50,5.02,-2.85,3.07,387.47,0.03,0.03,0.03,314.02
208,18:00,4.51,4.42,3.04,310.61,0.02,0.02,0.02,311.32
208,18:10,4.73,3.7,3.1,320.21,0.02,0.02,0.02,316.43
208,18:20,4.83,-2.12,3.02,345.68,0.04,0.04,0.04,321.91
208,18:30,4.19,-2.13,3.01,250.95,0.03,0.03,0.03,321.91
208,18:40,3.91,3.93,3.14,254.77,0.07,0.07,0.07,321.91
208,18:50,3.5,2.82,3.36,165.85,1.82,1.82,1.82,321.91
208,19:00,3.12,0.32,3.19,156.39,0.02,0.02,0.02,328.06
208,19:10,3.12,-4.2,3.2,134.7,0.01,0.01,0.01,332.48
208,19:20,2.76,-2.74,3.27,84.45,0.01,0.01,0.01,326.17
208,19:30,2.1,-1.93,2.88,44.85,0.01,0.01,0.01,321.94
208,19:40,2.03,-7.88,3.29,22.33,0.02,0.03,0.02,318.57
208,19:50,1.92,1.29,3.55,21.97,0.03,0.04,0.03,309.32
208,20:00,1.47,2.28,3.28,-0.47,0.63,0.64,0.63,309.3
208,20:10,1.5,0.09,2.96,-0.3,47.41,47.33,47.42,309.3
208,20:20,1.64,3.15,2.63,-0.3,90.17,90.01,90.18,309.3
208,20:30,1.55,2.98,2.04,-0.3,90.17,90.01,90.18,309.3
208,20:40,1.54,9.12,2.11,-0.3,90.17,90.01,90.18,309.3
208,20:50,1.64,10.86,1.99,-0.3,90.17,90.01,90.18,309.3
208,21:00,2.55,14.88,1.84,-0.3,90.17,90.01,90.18,309.3
208,21:10,2.53,18.95,1.58,-0.3,90.17,90.01,90.18,309.3
208,21:20,2.44,5.9,1.47,-0.3,44.41,44.35,44.41,320.81
208,21:30,2.52,-3.49,2.26,-0.3,33.82,33.83,33.82,326.31
208,21:40,2.14,0.7,2.52,-0.3,23.84,23.82,23.84,316.18
208,21:50,2.59,7.87,1.98,-0.3,57.66,57.59,57.66,317.6
208,22:00,2.12,-3.48,2.23,-0.3,38.19,38.2,38.19,326.29
208,22:10,2.25,-6.65,1.9,-0.3,35.01,35.01,35.01,326.29
208,22:20,1.95,-3.61,2.08,-0.3,59.57,59.46,59.58,326.29
208,22:30,2.16,-4.67,1.36,-0.3,90.17,89.99,90.18,326.29
208,22:40,1.59,-2.03,1.08,-0.3,90.17,89.99,90.18,326.29
208,22:50,1.29,-13.49,1.09,-0.3,90.17,89.99,90.18,326.29
208,23:00,1.02,-8.43,0.77,-0.3,90.17,89.99,90.18,326.29
208,23:10,1.15,-24.23,0.53,-0.3,90.17,89.99,90.18,326.29
208,23:20,1.13,-8.31,0.41,-0.3,90.17,89.99,90.18,326.29
208,23:30,1.04,-2.56,0.09,-0.3,90.17,89.99,90.18,326.29
208,23:40,1.23,-7.4,-0.1,-0.3,90.17,89.99,90.18,326.29
208,23:50,1.16,2.36,-0.16,-0.3,90.17,89.99,90.18,326.29
209,0:00,1.03,9.4,-0.37,-0.3,90.17,89.99,90.18,326.29
209,0:10,1.0,27.81,-0.4,-0.3,90.17,89.99,90.18,326.29
209,0:20,1.2,40.5,-0.37,-0.3,90.17,89.99,90.18,326.29
209,0:30,1.24,46.25,-0.23,-0.3,90.17,89.99,90.18,326.29
209,0:40,1.18,54.56,-0.14,-0.3,90.17,89.99,90.18,326.29
209,0:50,1.32,59.5,0.05,-0.3,90.17,89.99,90.18,326.29
209,1:00,1.08,52.23,-0.09,-0.3,90.17,89.99,90.18,326.29
209,1:10,1.06,53.53,-0.25,-0.3,90.17,89.99,90.18,326.29
209,1:20,1.09,61.19,-0.16,-0.3,90.17,89.99,90.18,326.29
209,1:30,1.1,66.93,-0.32,-0.3,90.17,89.99,90.18,326.29
209,1:40,1.08,69.56,-0.41,-0.3,90.17,89.99,90.18,326.29
209,1:50,1.24,85.13,-0.5,-0.3,90.17,89.99,90.18,326.29
209,2:00,1.44,85.65,-0.5,-0.3,90.17,89.99,90.18,326.29
209,2:10,1.44,83.73,-0.5,-0.3,90.17,89.99,90.18,326.29
209,2:20,1.17,73.28,-0.65,-0.3,90.17,89.99,90.18,326.29
209,2:30,1.22,77.4,-0.6,-0.3,90.17,89.99,90.18,326.29
209,2:40,1.15,84.58,-0.66,-0.3,90.17,89.99,90.18,326.29
209,2:50,1.49,82.91,-0.66,-0.3,90.17,89.99,90.18,326.29
209,3:00,1.63,89.59,-0.5,-0.3,90.17,89.99,90.18,326.29
209,3:10,1.85,90.15,-0.5,-0.3,90.17,89.99,90.18,326.29
209,3:20,1.57,93.12,-0.53,-0.3,90.17,89.99,90.18,326.29
209,3:30,1.28,92.3,-0.7,-0.3,90.17,89.99,90.18,326.29
209,3:40,0.95,115.84,-0.75,-0.3,90.17,89.99,90.18,326.29
209,3:50,0.87,129.77,-0.94,-0.3,90.17,89.99,90.18,326.29
209,4:00,0.76,140.34,-1.04,-0.3,90.17,89.99,90.18,326.29
209,4:10,0.92,129.17,-1.14,-0.3,90.17,89.99,90.18,326.29
209,4:20,1.14,154.01,-1.18,-0.3,90.17,89.99,90.18,326.29
209,4:30,1.06,54.02,-1.3,-0.3,90.17,89.99,90.18,326.29
209,4:40,1.3,-137.46,-1.29,-0.3,90.17,89.99,90.18,326.29
209,4:50,1.9,-158.54,-0.91,-0.3,90.17,89.99,90.18,326.29
209,5:00,2.04,-156.29,-0.83,-0.3,90.17,89.99,90.18,326.29
209,5:10,2.35,-136.52,-0.71,-0.3,90.17,89.99,90.18,326.29
209,5:20,2.91,-69.99,-0.92,-0.3,89.47,89.31,89.48,242.77
209,5:30,2.01,4.32,-1.39,-0.3,13.01,13.01,13.01,162.11
209,5:40,2.6,7.0,-1.57,-0.3,70.3,70.3,70.31,162.11
209,5:50,2.45,6.24,-2.02,-0.3,80.96,80.96,80.96,167.66
209,6:00,2.27,-5.7,-1.84,-0.3,83.89,83.89,83.9,174.61
209,6:10,1.86,-17.25,-1.61,-0.3,90.17,90.17,90.17,174.61
209,6:20,1.65,-22.48,-1.66,-0.3,90.17,90.17,90.17,174.61
209,6:30,1.61,-32.66,-1.86,-0.3,90.17,90.17,90.17,174.61
209,6:40,1.62,-34.29,-1.96,-0.3,90.17,90.17,90.17,174.61
209,6:50,1.55,-33.57,-1.99,-0.3,90.17,90.17,90.17,174.61
209,7:00,1.74,-32.88,-2.02,-0.3,90.17,90.17,90.17,174.61
209,7:10,1.9,-36.2,-2.2,-0.3,90.17,90.17,90.17,174.61
209,7:20,1.75,-31.92,-2.17,-0.3,90.17,90.17,90.17,174.61
209,7:30,1.47,-27.66,-2.1,-0.3,90.17,90.17,90.17,174.61
209,7:40,1.32,-17.01,-2.1,-0.3,90.17,90.17,90.17,174.61
209,7:50,1.4,-13.6,-2.1,-0.3,90.17,90.17,90.17,174.61
209,8:00,1.52,-13.46,-2.2,-0.3,90.17,90.17,90.17,174.61
209,8:10,1.4,-17.8,-2.2,-0.3,90.17,90.17,90.17,174.61
209,8:20,1.23,-28.56,-2.22,-0.3,90.17,90.17,90.17,174.61
209,8:30,1.27,-36.0,-2.2,-0.3,90.17,90.17,90.17,174.61
209,8:40,1.25,-33.39,-2.3,-0.3,90.17,90.17,90.17,174.61
209,8:50,1.28,-28.91,-2.4,-0.3,90.17,90.17,90.17,174.61
209,9:00,1.17,-27.22,-2.33,-0.3,90.17,90.17,90.17,174.61
209,9:10,1.2,-33.43,-2.14,-0.3,90.17,90.17,90.17,174.61
209,9:20,1.35,-36.43,-2.11,-0.3,90.17,90.17,90.17,174.61
209,9:30,1.44,-46.18,-2.12,-0.3,90.17,90.17,90.17,174.61
209,9:40,1.23,-52.45,-2.02,-0.3,90.17,90.17,90.17,174.61
209,9:50,1.19,-52.56,-1.87,-0.3,90.17,90.17,90.17,174.61
209,10:00,0.93,-54.2,-1.75,-0.3,90.17,90.17,90.17,174.61
209,10:10,0.66,-45.96,-1.59,-0.3,90.17,90.17,90.17,174.61
209,10:20,0.55,-47.34,-1.45,-0.3,90.17,90.17,90.17,174.61
209,10:30,0.72,-13.63,-1.28,-0.3,90.17,90.17,90.17,174.61
209,10:40,0.71,-18.84,-1.07,-0.3,90.17,90.17,90.17,174.61
209,10:50,0.69,-15.88,-0.88,-0.3,90.17,90.17,90.17,174.61
209,11:00,0.62,-29.14,-0.62,-0.3,90.17,90.17,90.17,174.61
209,11:10,0.76,-52.04,-0.28,-0.3,90.17,90.17,90.17,174.61
209,11:20,0.82,-62.32,0.06,-0.3,90.17,90.17,90.17,174.61
209,11:30,0.76,-77.2,0.41,-0.3,90.17,90.17,90.17,174.61
209,11:40,0.84,-89.02,0.79,-0.3,90.17,90.17,90.17,174.61
209,11:50,0.47,-87.73,1.19,-0.3,90.17,90.17,90.17,174.61
209,12:00,0.53,-105.8,1.63,-0.3,90.17,90.17,90.17,174.61
209,12:10,0.77,-99.86,2.05,-0.3,90.17,90.17,90.17,174.61
209,12:20,0.49,-87.5,2.43,-0.3,90.17,90.17,90.17,174.61
209,12:30,0.59,-53.67,2.85,-0.3,90.17,90.17,90.17,174.61
209,12:40,0.88,-11.95,3.23,-0.3,90.17,90.17,90.17,174.61
209,12:50,0.8,5.02,3.52,-0.3,90.17,90.17,90.17,174.61
209,13:00,0.85,107.36,3.84,-0.3,90.17,90.17,90.17,174.61
209,13:10,1.1,116.12,4.27,-0.3,90.17,90.17,90.17,174.61
209,13:20,1.18,8.61,4.51,-0.3,90.17,90.17,90.17,174.61
209,13:30,1.09,120.66,4.77,-0.3,90.17,90.17,90.17,174.61
209,13:40,1.36,126.12,4.89,-0.3,90.17,90.17,90.17,174.61
209,13:50,1.33,128.11,5.19,-0.3,90.17,90.17,90.17,174.61
209,14:00,0.95,11.36,5.53,-0.3,90.17,90.17,90.17,174.61
209,14:10,1.16,117.55,5.74,-0.3,90.17,90.17,90.17,174.61
209,14:20,1.08,124.94,5.92,-0.3,90.17,90.17,90.17,174.61
209,14:30,1.4,115.92,6.19,-0.3,90.17,90.17,90.17,174.61
209,14:40,1.22,109.55,6.61,-0.3,90.17,90.17,90.17,174.61
209,14:50,1.37,130.6,6.99,-0.3,90.17,90.17,90.17,174.61
209,15:00,1.25,117.23,7.32,-0.3,90.17,90.17,90.17,174.61
209,15:10,1.49,110.08,7.54,-0.3,90.17,90.17,90.17,174.61
209,15:20,2.29,116.65,7.67,-0.3,90.17,90.17,90.17,174.61
209,15:30,1.94,118.69,7.9,-0.3,90.17,90.17,90.17,174.61
209,15:40,2.08,112.45,8.03,-0.3,90.17,90.17,90.17,174.61
209,15:50,1.71,102.38,7.95,-0.3,90.17,90.17,90.17,174.61
209,16:00,1.61,106.08,7.96,-0.3,90.17,90.17,90.17,174.61
209,16:10,1.66,124.0,8.11,-0.3,90.17,90.17,90.17,174.61
209,16:20,1.83,108.69,8.25,-0.3,90.17,90.17,90.17,174.61
209,16:30,1.92,116.77,8.5,-0.3,90.17,90.17,90.17,174.61
209,16:40,1.79,109.73,8.42,-0.3,90.17,90.17,90.17,174.61
209,16:50,1.86,109.52,8.32,-0.3,90.17,90.17,90.17,174.61
209,17:00,2.11,96.24,8.33,-0.3,90.17,90.17,90.17,174.61
209,17:10,2.04,123.25,8.49,-0.3,90.17,90.17,90.17,174.61
209,17:20,1.91,117.73,8.43,-0.3,90.17,90.17,90.17,174.61
209,17:30,1.68,114.08,8.33,-0.3,90.17,90.17,90.17,174.61
209,17:40,2.02,113.38,8.29,-0.3,90.17,90.17,90.17,174.61
209,17:50,2.1,109.61,8.13,-0.3,90.17,90.17,90.17,174.61
209,18:00,1.89,101.91,7.66,-0.3,90.17,90.17,90.17,174.61
209,18:10,2.25,95.24,7.14,-0.3,90.17,90.17,90.17,174.61
209,18:20,2.43,33.78,6.6,-0.3,88.84,88.83,88.84,241.86
209,18:30,1.84,-22.75,5.98,-0.3,90.17,90.12,90.17,284.95
209,18:40,1.98,-26.29,5.59,-0.3,90.17,90.12,90.17,284.95
209,18:50,1.89,-28.72,5.25,-0.3,90.17,90.12,90.17,284.95
209,19:00,1.91,-31.16,5.02,-0.3,90.17,90.12,90.17,284.95
209,19:10,1.7,-27.88,4.74,-0.3,90.17,90.12,90.17,284.95
209,19:20,1.66,-25.27,4.49,-0.3,90.17,90.12,90.17,284.95
209,19:30,1.72,-24.31,4.31,-0.3,90.17,90.12,90.17,284.95
209,19:40,1.65,-17.7,4.06,-0.3,90.17,90.12,90.17,284.95
209,19:50,1.71,-12.71,3.81,-0.3,90.17,90.12,90.17,284.95
209,20:00,1.78,-1.23,3.67,-0.3,90.17,90.12,90.17,284.95
209,20:10,1.71,13.13,3.49,-0.3,90.17,90.12,90.17,284.95
209,20:20,1.52,24.55,3.34,-0.3,90.17,90.12,90.17,284.95
209,20:30,1.6,36.69,3.17,-0.3,90.17,90.12,90.17,284.95
209,20:40,1.98,44.98,3.15,-0.3,90.17,90.12,90.17,284.95
209,20:50,2.7,48.28,3.25,-0.3,90.17,90.12,90.17,286.12
209,21:00,2.01,2.04,3.25,-0.3,25.24,25.23,25.24,343.45
209,21:10,2.62,2.39,3.46,-0.3,63.98,63.98,63.98,342.08
209,21:20,1.72,1.69,3.52,-0.3,8.89,8.89,8.9,342.08
209,21:30,1.85,3.48,3.36,-0.3,90.17,90.05,90.18,342.08
209,21:40,2.11,2.55,3.04,-0.3,90.17,90.05,90.18,342.08
209,21:50,1.8,5.08,2.81,-0.3,90.17,90.05,90.18,342.08
209,22:00,1.42,9.16,2.79,-0.3,90.17,90.05,90.18,342.08
209,22:10,1.22,7.7,2.68,-0.3,90.17,90.05,90.18,342.08
209,22:20,1.37,7.62,2.55,-0.3,90.17,90.05,90.18,342.08
209,22:30,1.3,9.51,2.53,-0.3,90.17,90.05,90.18,342.08
209,22:40,1.11,6.11,2.5,-0.3,90.17,90.05,90.18,342.08
209,22:50,1.3,10.24,2.44,-0.3,90.17,90.05,90.18,342.08
209,23:00,1.23,20.99,2.34,-0.3,90.17,90.05,90.18,342.08
209,23:10,1.15,33.72,2.2,-0.3,90.17,90.05,90.18,342.08
209,23:20,1.29,43.89,2.15,-0.3,90.17,90.05,90.18,342.08
209,23:30,1.22,44.81,2.1,-0.3,90.17,90.05,90.18,342.08
209,23:40,1.31,45.17,2.1,-0.3,90.17,90.05,90.18,342.08
209,23:50,1.19,57.37,1.98,-0.3,90.17,90.05,90.18,342.08
210,0:00,1.43,63.43,1.9,-0.3,90.17,90.05,90.18,342.08
210,0:10,1.6,65.27,1.9,-0.3,90.17,90.05,90.18,342.08
210,0:20,1.61,65.29,1.87,-0.3,90.17,90.05,90.18,342.08
210,0:30,1.52,72.15,1.8,-0.3,90.17,90.05,90.18,342.08
210,0:40,1.45,76.4,1.74,-0.3,90.17,90.05,90.18,342.08
210,0:50,1.39,71.93,1.73,-0.3,90.17,90.05,90.18,342.08
210,1:00,1.29,76.67,1.64,-0.3,90.17,90.05,90.18,342.08
210,1:10,1.63,96.5,1.48,-0.3,90.17,90.05,90.18,342.08
210,1:20,2.64,121.05,1.19,-0.3,90.17,90.05,90.18,341.2
210,1:30,3.49,-7.76,1.26,-0.3,90.17,90.05,90.18,225.74
210,1:40,3.1,-0.84,1.54,91.89,14.18,14.18,14.19,107.07
210,1:50,2.85,4.87,1.99,113.57,1.32,1.32,1.32,108.09
210,2:00,2.96,7.41,2.33,150.94,0.01,0.01,0.01,114.9
210,2:10,3.5,5.07,2.47,211.79,0.01,0.01,0.01,123.57
210,2:20,4.1,3.09,2.5,279.22,0.01,0.01,0.01,131.27
210,2:30,4.4,3.0,2.46,239.59,0.01,0.01,0.01,131.27
210,2:40,4.41,0.43,2.48,263.43,0.01,0.01,0.01,131.27
210,2:50,4.56,2.85,2.57,296.74,0.01,0.01,0.01,131.27
210,3:00,4.4,4.84,2.73,276.99,0.01,0.01,0.01,131.27
210,3:10,4.35,2.23,2.77,272.23,0.01,0.01,0.01,138.95
210,3:20,4.16,-3.27,2.48,242.06,0.01,0.01,0.01,141.85
210,3:30,4.43,-3.9,1.88,228.03,2.13,2.13,2.13,141.85
210,3:40,4.73,-3.82,1.56,249.91,3.66,3.66,3.66,141.85
210,3:50,5.06,-3.95,1.97,361.97,0.94,0.94,0.94,141.85
210,4:00,5.45,-2.87,2.4,441.05,0.25,0.25,0.25,141.85
210,4:10,6.2,-3.94,1.93,544.61,0.93,0.93,0.93,141.85
210,4:20,7.95,-2.92,1.44,826.37,0.12,0.12,0.11,141.85
210,4:30,7.78,-4.21,1.44,853.35,0.03,0.04,0.03,141.85
210,4:40,7.75,-1.98,1.45,801.85,0.01,0.01,0.01,141.85
210,4:50,7.41,-2.6,1.43,792.65,0.01,0.01,0.01,141.85
210,5:00,7.43,-1.69,1.23,753.44,0.01,0.01,0.01,141.85
210,5:10,7.65,-4.05,1.32,767.98,0.01,0.01,0.01,141.85
210,5:20,7.5,-5.88,1.41,775.06,0.01,0.01,0.01,141.85
210,5:30,7.0,-4.6,1.29,699.99,1.18,1.18,1.18,138.71
210,5:40,6.51,0.23,1.46,621.19,2.33,2.33,2.33,133.27
210,5:50,6.65,2.19,1.13,722.85,0.17,0.17,0.17,133.27
210,6:00,7.04,3.38,1.17,749.52,0.01,0.01,0.01,133.27
210,6:10,7.1,5.58,0.95,781.1,0.01,0.01,0.01,133.27
210,6:20,7.42,0.15,0.98,751.59,0.01,0.01,0.01,140.25
210,6:30,7.33,-5.35,1.09,758.98,0.01,0.01,0.01,141.85
210,6:40,7.36,-4.51,0.86,747.94,0.01,0.01,0.01,141.85
210,6:50,7.13,-5.64,1.09,714.07,0.01,0.01,0.01,140.6
210,7:00,6.87,-2.16,1.06,704.82,0.01,0.01,0.01,133.27
210,7:10,6.74,-1.78,1.06,716.0,0.01,0.01,0.01,133.27
210,7:20,6.86,2.55,0.8,806.89,0.01,0.01,0.01,133.27
210,7:30,7.26,5.2,0.69,845.08,0.01,0.01,0.01,133.27
210,7:40,6.97,1.04,0.84,762.38,0.01,0.01,0.01,138.87
210,7:50,7.07,-5.46,0.84,700.37,0.01,0.01,0.01,141.85
210,8:00,7.67,-1.96,0.72,804.62,0.01,0.01,0.01,141.85
210,8:10,7.9,-0.79,0.49,895.47,0.01,0.01,0.01,141.85
210,8:20,8.51,-1.45,0.46,1043.75,0.01,0.01,0.01,141.85
210,8:30,8.7,-0.37,0.36,1070.96,0.01,0.01,0.01,141.85
210,8:40,8.95,-4.71,0.31,1071.74,0.01,0.01,0.01,141.85
210,8:50,9.16,-5.54,0.48,1119.03,0.01,0.01,0.01,141.85
210,9:00,9.31,-3.58,0.54,1231.45,0.01,0.01,0.01,141.85
210,9:10,9.28,-3.47,0.48,1203.88,0.01,0.01,0.01,141.85
210,9:20,9.89,-3.43,0.76,1357.35,0.01,0.01,0.01,141.85
210,9:30,10.03,-3.99,0.86,1415.41,0.11,0.12,0.12,141.85
210,9:40,10.14,-4.04,1.08,1457.99,0.1,0.09,0.09,141.85
210,9:50,9.98,-3.01,1.13,1415.34,0.02,0.03,0.02,138.27
210,10:00,9.36,-0.88,0.89,1305.09,0.01,0.01,0.01,134.29
210,10:10,7.8,-0.3,0.46,961.52,0.02,0.02,0.04,134.25
210,10:20,6.93,2.0,0.27,784.33,0.02,0.02,0.04,134.25
210,10:30,8.31,2.72,1.35,1116.06,0.04,0.04,0.05,135.12
210,10:40,9.02,-4.02,1.26,1213.38,0.28,0.28,0.28,142.86
210,10:50,8.76,-0.98,1.49,1225.28,0.05,0.05,0.05,142.86
210,11:00,8.91,-0.14,1.53,1283.12,0.26,0.26,0.26,142.86
210,11:10,9.43,0.49,1.97,1374.06,0.73,0.73,0.72,142.86
210,11:20,9.44,1.18,2.06,1368.65,0.33,0.33,0.33,142.86
210,11:30,9.08,-2.72,2.17,1240.28,0.08,0.08,0.08,150.31
210,11:40,8.23,-2.95,2.21,1119.89,0.01,0.02,0.01,150.46
210,11:50,8.84,-0.16,2.41,1228.95,0.01,0.01,0.01,146.26
210,12:00,8.22,4.1,2.73,1058.65,0.01,0.01,0.01,143.62
210,12:10,8.42,-2.52,2.78,1079.31,0.01,0.02,0.02,150.42
210,12:20,8.56,2.93,3.29,1167.54,0.01,0.02,0.01,150.42
210,12:30,8.83,0.0,3.53,1211.58,0.02,0.03,0.03,150.42
210,12:40,8.94,1.35,3.76,1208.94,0.1,0.1,0.11,148.96
210,12:50,8.71,-0.19,3.95,1159.97,0.06,0.06,0.06,150.4
210,13:00,8.67,1.9,4.27,1218.69,0.02,0.02,0.02,150.4
210,13:10,8.52,1.01,4.32,1161.63,0.01,0.01,0.01,150.4
210,13:20,8.28,2.8,4.39,1072.95,0.01,0.01,0.01,150.55
210,13:30,8.47,-0.4,4.57,1031.32,0.01,0.01,0.01,156.9
210,13:40,7.56,0.76,4.7,911.65,0.01,0.01,0.01,159.05
210,13:50,7.54,-4.26,4.76,832.81,0.02,0.02,0.01,159.05
210,14:00,7.41,-1.36,5.4,845.94,0.03,0.03,0.03,157.42
210,14:10,8.02,-4.12,5.19,937.39,0.01,0.01,0.01,159.1
210,14:20,7.49,1.44,5.37,862.41,0.01,0.01,0.01,153.4
210,14:30,6.66,-3.37,5.75,692.52,0.01,0.01,0.01,159.05
210,14:40,7.01,-0.3,5.76,751.46,0.01,0.01,0.01,159.1
210,14:50,7.01,1.87,5.72,751.73,0.01,0.01,0.01,159.1
210,15:00,6.67,0.14,6.47,744.08,0.02,0.02,0.02,159.1
210,15:10,7.31,1.16,6.12,796.74,0.01,0.01,0.01,159.1
210,15:20,7.87,0.58,6.1,906.34,0.02,0.02,0.02,167.41
210,15:30,7.77,-3.57,6.03,923.23,0.01,0.01,0.01,167.67
210,15:40,8.28,-3.31,6.13,1014.29,0.01,0.01,0.01,167.67
210,15:50,7.74,-3.21,6.2,899.77,0.01,0.01,0.01,163.38
210,16:00,7.44,0.53,6.31,894.01,0.01,0.01,0.01,162.76
210,16:10,8.06,-0.77,6.42,947.11,0.11,0.11,0.11,161.89
210,16:20,8.76,0.86,6.66,1157.89,0.01,0.01,0.01,159.14
210,16:30,8.44,3.22,6.59,1142.33,0.01,0.01,0.01,159.14
210,16:40,9.13,3.13,6.66,1230.66,0.01,0.01,0.01,161.65
210,16:50,9.02,-4.8,6.61,1175.01,0.02,0.02,0.02,167.72
210,17:00,9.38,-1.98,6.55,1281.38,0.01,0.01,0.01,161.8
210,17:10,9.57,-0.35,6.43,1296.59,0.03,0.03,0.03,160.16
210,17:20,9.01,1.03,6.25,1186.7,0.02,0.02,0.02,160.12
210,17:30,9.18,3.06,5.87,1271.47,0.03,0.03,0.03,160.11
210,17:40,8.8,1.25,5.72,1121.42,0.03,0.03,0.03,165.43
210,17:50,7.36,-3.29,5.05,773.6,0.03,0.03,0.03,168.72
210,18:00,8.13,-4.58,4.75,884.03,0.03,0.03,0.03,168.72
210,18:10,8.66,-5.52,4.83,976.12,0.03,0.03,0.03,168.72
210,18:20,7.88,-6.14,4.58,806.43,0.03,0.03,0.03,168.72
210,18:30,7.9,-3.02,4.28,859.8,0.03,0.03,0.03,160.56
210,18:40,9.11,-3.6,4.48,1014.44,2.34,2.34,2.35,160.16
210,18:50,8.88,-2.75,4.6,800.18,5.02,5.02,5.02,160.16
210,19:00,9.1,-3.54,4.58,968.51,2.87,2.87,2.87,156.76
210,19:10,8.4,-2.83,4.01,984.56,0.02,0.02,0.02,152.6
210,19:20,8.62,-4.3,3.89,981.16,0.85,0.85,0.85,152.6
210,19:30,9.47,-5.28,4.23,1017.7,2.56,2.56,2.56,152.6
210,19:40,9.52,-2.9,4.32,1115.19,2.84,2.84,2.84,146.8
210,19:50,10.48,-1.33,4.71,1186.74,4.81,4.81,4.81,144.99
210,20:00,10.77,-3.73,4.9,1520.4,1.61,1.61,1.61,144.99
210,20:10,10.0,-3.96,4.9,1421.16,0.45,0.45,0.46,141.98
210,20:20,9.9,-2.01,4.41,1397.82,0.11,0.12,0.11,137.41
210,20:30,10.73,-1.71,4.68,1520.61,2.07,2.07,2.07,137.41
210,20:40,10.95,-0.53,5.02,1520.44,3.75,3.75,3.75,137.41
210,20:50,11.38,-2.24,5.12,1519.97,3.54,3.54,3.54,137.41
210,21:00,11.66,-3.81,5.15,1519.46,4.97,4.97,4.97,137.41
210,21:10,11.86,-3.73,5.34,1519.63,5.72,5.72,5.72,137.41
210,21:20,11.3,-5.15,5.27,1519.76,4.44,4.44,4.44,137.41
210,21:30,11.38,-4.36,5.16,1519.78,4.71,4.71,4.71,137.41
210,21:40,11.3,-6.04,5.05,1519.51,4.27,4.27,4.27,137.41
210,21:50,10.84,-0.63,4.93,1515.37,3.1,3.1,3.1,130.3
210,22:00,11.19,-0.22,4.68,1519.84,4.39,4.39,4.39,129.81
210,22:10,11.57,-1.16,5.05,1519.72,5.39,5.39,5.39,129.81
210,22:20,11.48,-2.85,5.05,1519.68,4.86,4.86,4.86,129.81
210,22:30,11.34,-1.69,4.91,1519.62,4.9,4.9,4.9,129.81
210,22:40,11.39,-1.71,4.98,1519.71,5.52,5.52,5.52,129.81
210,22:50,11.36,-1.76,5.02,1519.54,5.73,5.73,5.73,129.81
210,23:00,10.82,0.24,4.65,1519.18,4.18,4.18,4.18,129.81
210,23:10,10.11,-1.52,4.03,1515.44,1.49,1.49,1.49,129.81
210,23:20,10.08,-1.48,3.66,1497.56,1.08,1.08,1.08,129.81
210,23:30,10.0,-2.11,3.58,1505.78,1.27,1.27,1.27,129.81
210,23:40,10.09,2.12,3.5,1507.15,2.02,2.02,2.02,129.81
210,23:50,10.2,2.67,3.65,1512.61,2.3,2.3,2.3,129.81
211,0:00,10.5,3.45,3.6,1519.34,3.22,3.22,3.22,129.81
211,0:10,10.74,0.91,3.69,1518.78,2.99,2.99,2.99,136.1
211,0:20,9.33,-4.81,3.1,1393.06,0.26,0.26,0.26,137.41
211,0:30,9.1,-5.58,2.53,1244.39,0.06,0.06,0.06,137.41
211,0:40,9.53,-1.55,2.36,1385.69,0.72,0.72,0.72,137.41
211,0:50,10.17,-3.62,2.82,1467.64,1.36,1.36,1.36,137.41
211,1:00,9.9,-2.02,2.76,1501.88,1.62,1.63,1.63,137.41
211,1:10,11.15,-1.39,3.25,1519.89,4.7,4.7,4.7,137.41
211,1:20,10.9,0.1,3.44,1519.59,4.22,4.22,4.22,137.41
211,1:30,10.83,-0.39,3.32,1519.12,3.83,3.83,3.83,137.41
211,1:40,10.33,0.37,3.11,1505.91,2.16,2.16,2.16,137.41
211,1:50,9.23,0.3,2.54,1298.64,0.21,0.21,0.21,137.41
211,2:00,8.04,-0.47,1.71,1008.66,0.03,0.02,0.02,137.41
211,2:10,7.55,2.0,1.27,875.13,0.03,0.02,0.02,137.41
211,2:20,7.22,3.7,1.03,770.34,0.03,0.02,0.02,140.56
211,2:30,7.26,-4.05,0.95,742.98,0.03,0.02,0.02,146.02
211,2:40,6.49,-2.64,1.35,593.49,0.03,0.02,0.02,146.02
211,2:50,6.5,-2.1,1.37,727.03,0.03,0.02,0.02,146.02
211,3:00,7.65,2.52,0.87,888.5,0.03,0.02,0.02,146.02
211,3:10,7.23,2.57,0.76,759.47,0.03,0.02,0.02,146.02
211,3:20,8.5,2.73,1.19,1081.39,0.03,0.02,0.02,148.73
211,3:30,8.66,1.19,0.82,1179.83,0.03,0.02,0.02,154.6
211,3:40,8.9,1.61,0.72,1272.42,0.03,0.02,0.02,154.6
211,3:50,8.79,3.86,-0.02,1058.88,0.03,0.02,0.02,154.6
211,4:00,9.33,2.55,-0.12,1205.38,0.03,0.02,0.02,154.6
211,4:10,9.78,2.55,-0.04,1303.77,0.03,0.02,0.02,156.21
211,4:20,10.03,1.79,-0.52,1386.35,0.08,0.07,0.08,168.38
211,4:30,11.27,-3.57,-0.03,1520.11,3.67,3.67,3.67,169.67
211,4:40,10.64,-0.93,0.1,1519.94,3.98,3.98,3.98,163.1
211,4:50,10.22,-1.53,-0.04,1519.73,3.24,3.24,3.24,162.09
211,5:00,11.15,-2.85,0.22,1519.72,5.39,5.39,5.39,162.09
211,5:10,10.59,0.22,0.39,1519.59,4.24,4.24,4.24,162.09
211,5:20,9.26,3.23,-0.05,1365.94,1.26,1.26,1.26,164.65
211,5:30,8.01,4.25,-1.36,1036.04,0.01,0.01,0.01,177.62
211,5:40,6.03,2.84,-2.17,605.54,0.01,0.01,0.01,186.9
211,5:50,5.41,-0.62,-1.72,411.73,0.01,0.01,0.01,204.98
211,6:00,5.01,-2.53,-2.01,327.36,0.01,0.01,0.01,199.24
211,6:10,4.0,-1.39,-2.08,232.33,0.01,0.01,0.01,197.64
211,6:20,3.34,-1.76,-2.32,177.76,0.01,0.01,0.01,197.64
211,6:30,2.74,-1.24,-1.61,140.96,0.01,0.01,0.01,197.64
211,6:40,2.86,-0.61,-1.63,144.38,0.01,0.01,0.01,197.64
211,6:50,2.11,4.11,-1.45,94.19,0.01,0.01,0.01,197.64
211,7:00,1.95,3.39,-0.83,76.45,0.01,0.01,0.01,197.64
211,7:10,2.07,-4.87,-1.03,79.16,0.01,0.01,0.01,197.64
211,7:20,2.38,-10.26,-1.36,85.87,0.01,0.01,0.01,197.64
211,7:30,2.65,-4.93,-0.94,120.59,0.01,0.01,0.01,179.41
211,7:40,3.69,-2.52,-1.21,228.89,0.01,0.01,0.01,172.48
211,7:50,4.33,-6.66,-1.22,307.1,0.01,0.01,0.01,172.48
211,8:00,3.87,-7.19,-1.16,268.16,0.01,0.01,0.01,172.48
211,8:10,4.08,-5.42,-1.04,299.93,0.01,0.01,0.01,167.15
211,8:20,4.39,-1.39,-0.95,401.12,0.01,0.01,0.01,161.91
211,8:30,5.35,3.09,-0.93,481.28,0.01,0.01,0.01,161.91
211,8:40,5.28,-2.81,-1.0,464.88,0.01,0.01,0.01,168.2
211,8:50,4.87,0.52,-1.25,380.84,0.01,0.01,0.01,165.51
211,9:00,4.34,0.72,-1.24,319.13,0.01,0.01,0.01,172.46
211,9:10,3.62,5.59,-1.14,185.3,0.01,0.01,0.01,172.53
211,9:20,3.08,-2.34,-0.78,162.07,0.01,0.01,0.01,172.53
211,9:30,3.28,0.13,-1.01,158.6,0.01,0.01,0.01,178.5
211,9:40,3.2,2.37,-0.6,159.87,0.01,0.01,0.01,176.47
211,9:50,3.15,-1.33,-0.75,171.56,0.01,0.01,0.01,183.16
211,10:00,3.16,-4.14,-0.62,173.34,0.01,0.01,0.01,177.77
211,10:10,2.6,-1.53,-0.93,108.98,0.01,0.01,0.01,168.89
211,10:20,1.72,-0.7,-0.54,34.44,0.01,0.01,0.01,158.87
211,10:30,1.52,1.24,0.04,-2.31,4.27,4.27,4.27,176.64
211,10:40,2.49,-5.17,0.0,-0.3,75.78,75.56,75.78,178.79
211,10:50,2.44,3.47,-0.53,-0.3,90.17,89.89,90.17,178.79
211,11:00,2.22,2.18,-0.82,-0.3,88.73,88.51,88.73,178.79
211,11:10,2.01,7.37,-0.75,-0.3,90.17,89.92,90.17,178.79
211,11:20,1.76,4.66,-0.54,-0.3,90.17,89.92,90.17,178.79
211,11:30,1.56,4.0,-0.61,-0.3,90.17,89.92,90.17,178.79
211,11:40,1.24,13.94,-0.5,-0.3,90.17,89.92,90.17,178.79
211,11:50,1.11,2.64,-0.45,-0.3,90.17,89.92,90.17,178.79
211,12:00,1.02,8.53,-0.31,-0.3,90.17,89.92,90.17,178.79
211,12:10,0.98,1.92,-0.11,-0.3,90.17,89.92,90.17,178.79
211,12:20,0.91,31.92,0.17,-0.3,90.17,89.92,90.17,178.79
211,12:30,0.88,39.56,0.47,-0.3,90.17,89.92,90.17,178.79
211,12:40,1.35,65.25,0.95,-0.3,90.17,89.92,90.17,178.79
211,12:50,1.34,74.29,1.44,-0.3,90.17,89.92,90.17,178.79
211,13:00,1.89,80.26,1.82,-0.3,90.17,89.92,90.17,178.79
211,13:10,2.32,88.56,1.94,-0.3,90.17,89.92,90.17,178.79
211,13:20,2.48,51.35,2.04,-0.3,89.14,88.96,89.14,238.07
211,13:30,2.6,-13.84,1.84,-0.3,76.36,76.36,76.37,292.97
211,13:40,2.61,8.09,2.31,-0.3,11.59,11.59,11.59,280.63
211,13:50,3.51,5.85,2.98,134.99,1.15,1.15,1.15,293.12
211,14:00,4.43,-0.5,3.59,262.97,0.01,0.01,0.01,303.8
211,14:10,4.57,2.82,4.36,290.69,0.01,0.01,0.01,304.88
211,14:20,5.57,-2.76,4.26,419.25,0.01,0.01,0.01,311.35
211,14:30,6.1,-1.77,3.89,518.75,0.01,0.01,0.01,316.15
211,14:40,5.6,-1.72,3.76,458.68,0.67,0.67,0.67,317.52
211,14:50,5.25,0.53,3.79,417.12,0.04,0.04,0.04,315.42
211,15:00,5.83,0.99,3.88,518.26,0.01,0.01,0.01,320.86
211,15:10,6.02,-2.05,3.93,510.2,0.01,0.01,0.01,315.62
211,15:20,5.13,-0.62,4.16,410.58,0.01,0.01,0.01,312.29
211,15:30,5.96,-2.03,4.32,490.65,0.01,0.01,0.01,317.23
211,15:40,6.23,0.17,4.36,538.5,0.01,0.01,0.01,315.86
211,15:50,5.84,1.55,4.47,501.15,0.01,0.01,0.01,318.04
211,16:00,5.62,0.98,4.59,464.25,0.01,0.01,0.01,321.3
211,16:10,5.79,-3.53,4.72,448.73,0.01,0.01,0.01,328.57
211,16:20,5.24,-0.07,4.77,347.39,0.01,0.01,0.01,320.73
211,16:30,5.17,2.04,4.9,373.8,0.01,0.01,0.01,327.36
211,16:40,5.24,-1.85,4.97,357.91,0.01,0.01,0.01,326.27
211,16:50,4.42,1.92,5.03,280.07,0.01,0.01,0.01,319.04
211,17:00,4.28,-6.25,4.91,263.35,0.01,0.01,0.01,321.81
211,17:10,5.45,0.05,4.77,396.31,0.01,0.01,0.01,314.57
211,17:20,4.38,4.06,4.68,270.97,0.01,0.01,0.01,312.16
211,17:30,4.77,-1.92,4.83,289.26,0.01,0.01,0.01,321.67
211,17:40,4.94,3.23,4.8,329.12,0.01,0.01,0.01,321.67
211,17:50,4.1,4.3,4.66,230.77,0.01,0.01,0.01,321.67
211,18:00,4.06,2.91,4.42,215.91,0.01,0.01,0.01,321.67
211,18:10,3.62,0.93,4.34,170.77,0.01,0.01,0.01,321.67
211,18:20,3.05,-4.97,4.32,137.95,0.01,0.01,0.01,321.67
211,18:30,2.38,-5.83,4.44,78.75,0.01,0.01,0.01,321.67
211,18:40,3.25,0.77,3.98,124.37,0.02,0.02,0.02,321.67
211,18:50,2.91,1.26,4.25,91.07,0.02,0.02,0.02,321.67
211,19:00,3.18,0.21,4.06,116.01,0.02,0.02,0.03,321.67
211,19:10,3.24,3.88,4.06,127.99,0.03,0.03,0.03,321.67
211,19:20,3.19,2.03,3.9,128.11,0.03,0.03,0.03,321.67
211,19:30,3.2,1.55,3.99,131.3,0.03,0.03,0.03,328.45
211,19:40,3.05,-7.1,3.6,107.46,0.03,0.03,0.03,332.22
211,19:50,2.74,4.24,3.65,90.27,0.03,0.03,0.03,333.73
211,20:00,2.7,7.95,4.07,84.88,0.03,0.03,0.03,346.66
211,20:10,1.87,2.84,3.47,9.42,0.02,0.04,0.02,357.43
211,20:20,1.31,-5.01,3.74,-1.89,25.32,25.33,25.32,357.43
211,20:30,1.64,-23.1,3.36,-0.3,90.17,90.17,90.17,357.43
211,20:40,2.45,-10.3,3.11,-0.3,90.17,90.17,90.17,357.43
211,20:50,2.26,-7.52,3.11,-0.3,23.36,23.36,23.36,357.43
211,21:00,2.57,-4.86,3.33,-0.3,59.47,59.47,59.47,357.43
211,21:10,2.02,-3.28,3.43,-0.3,18.99,18.99,18.99,357.43
211,21:20,2.41,4.13,3.34,-0.3,36.15,36.15,36.15,360.76
211,21:30,2.11,-1.46,3.45,-0.3,58.9,58.9,58.9,369.94
211,21:40,2.7,6.31,2.92,-0.3,40.77,40.77,40.77,370.45
211,21:50,2.44,1.97,3.71,-0.3,16.93,16.95,16.94,382.57
211,22:00,2.13,8.44,3.86,-0.3,45.39,45.39,45.39,382.57
211,22:10,2.12,6.73,3.02,-0.3,90.18,90.2,90.17,382.57
211,22:20,1.71,8.85,2.7,-0.3,90.18,90.2,90.17,382.57
211,22:30,1.78,7.47,2.41,-0.3,90.18,90.2,90.17,382.57
211,22:40,2.28,10.81,2.4,-0.3,90.18,90.2,90.17,382.57
211,22:50,2.52,19.18,2.25,-0.3,90.18,90.2,90.17,382.57
211,23:00,2.55,16.93,2.04,-0.3,90.12,90.14,90.12,382.57
211,23:10,2.35,10.74,1.96,-0.3,82.42,82.4,82.42,382.57
211,23:20,2.5,22.56,1.86,-0.3,90.17,90.09,90.18,382.57
211,23:30,3.16,3.68,1.93,69.52,28.62,28.6,28.62,405.45
211,23:40,2.63,-5.84,2.51,75.79,0.01,0.01,0.01,402.51
211,23:50,2.78,1.57,3.01,86.3,0.01,0.01,0.01,395.02
212,0:00,2.52,6.24,3.44,77.44,0.01,0.01,0.01,395.02
212,0:10,1.8,2.67,3.47,22.56,0.01,0.01,0.01,395.02
212,0:20,1.66,1.15,3.3,10.41,0.01,0.01,0.01,395.02
212,0:30,1.2,3.98,3.22,-2.36,42.12,42.12,42.11,395.02
212,0:40,1.0,20.9,2.47,0.0,90.17,90.18,90.17,395.02
212,0:50,1.35,25.54,1.96,0.0,90.17,90.18,90.17,395.02
212,1:00,1.47,47.01,1.91,0.0,90.17,90.18,90.17,395.02
212,1:10,1.76,57.88,1.96,0.0,90.17,90.18,90.17,395.02
212,1:20,1.58,60.22,1.2,0.0,90.17,90.18,90.17,395.02
212,1:30,1.33,49.83,1.09,0.0,90.17,90.18,90.17,395.02
212,1:40,1.28,55.19,0.97,0.0,90.17,90.18,90.17,395.02
212,1:50,1.81,94.17,0.57,0.0,90.17,90.18,90.17,395.02
212,2:00,1.87,120.17,0.73,0.0,90.17,90.18,90.17,395.02
212,2:10,1.95,122.64,0.85,0.0,90.17,90.18,90.17,395.02
212,2:20,1.98,130.55,1.01,0.0,90.17,90.18,90.17,395.02
212,2:30,1.96,131.72,1.07,0.0,90.17,90.18,90.17,395.02
212,2:40,1.85,131.01,1.08,0.0,90.17,90.18,90.17,395.02
212,2:50,1.73,128.21,0.79,0.0,90.17,90.18,90.17,395.02
212,3:00,2.06,149.58,0.42,0.0,90.17,90.18,90.17,395.02
212,3:10,2.46,168.59,0.24,0.0,90.17,90.18,90.17,395.02
212,3:20,2.17,170.05,-0.03,0.0,90.17,90.18,90.17,395.02
212,3:30,1.91,68.84,-0.16,0.0,90.17,90.18,90.17,395.02
212,3:40,1.88,-101.62,-0.12,0.0,90.17,90.18,90.17,395.02
212,3:50,1.65,16.97,0.1,0.0,90.17,90.18,90.17,395.02
212,4:00,1.88,171.29,0.11,0.0,90.17,90.18,90.17,395.02
212,4:10,1.74,169.05,0.22,0.0,90.17,90.18,90.17,395.02
212,4:20,1.97,171.87,0.32,0.0,90.17,90.18,90.17,395.02
212,4:30,1.74,-28.65,0.13,0.0,90.17,90.18,90.17,395.02
212,4:40,1.68,72.49,-0.04,0.0,90.17,90.18,90.17,395.02
212,4:50,1.79,112.34,-0.14,0.0,90.17,90.18,90.17,395.02
212,5:00,1.52,163.77,0.13,0.0,90.17,90.18,90.17,395.02
212,5:10,0.91,-121.23,0.04,0.0,90.17,90.18,90.17,395.02
212,5:20,1.29,-166.42,0.28,0.0,90.17,90.18,90.17,395.02
212,5:30,1.35,-143.17,0.1,0.0,90.17,90.18,90.17,395.02
212,5:40,1.64,-27.7,-0.13,0.0,90.17,90.18,90.17,395.02
212,5:50,1.39,146.47,-0.06,0.0,90.17,90.18,90.17,395.02
212,6:00,1.28,152.68,-0.17,0.0,90.17,90.18,90.17,395.02
212,6:10,1.5,147.55,-0.08,0.0,90.17,90.18,90.17,395.02
212,6:20,1.44,122.13,-0.19,0.0,90.17,90.18,90.17,395.02
212,6:30,1.24,102.14,-0.33,0.0,90.17,90.18,90.17,395.02
212,6:40,1.6,113.79,-0.35,0.0,90.17,90.18,90.17,395.02
212,6:50,1.63,101.91,-0.5,0.0,90.17,90.18,90.17,395.02
212,7:00,1.8,89.97,-0.61,0.0,90.17,90.18,90.17,395.02
212,7:10,1.81,86.85,-0.7,0.0,90.17,90.18,90.17,395.02
212,7:20,1.85,93.05,-0.54,0.0,90.17,90.18,90.17,395.02
212,7:30,1.26,76.16,-0.68,0.0,90.17,90.18,90.17,395.02
212,7:40,1.49,81.25,-0.8,0.0,90.17,90.18,90.17,395.02
212,7:50,1.99,82.39,-0.61,0.0,90.17,90.18,90.17,395.02
212,8:00,2.25,76.47,-0.54,0.0,90.17,90.18,90.17,395.02
212,8:10,1.69,76.16,-0.45,0.0,90.17,90.18,90.17,395.02
212,8:20,1.53,59.78,-0.59,0.0,90.17,90.18,90.17,395.02
212,8:30,1.49,58.97,-0.53,0.0,90.17,90.18,90.17,395.02
212,8:40,1.89,56.79,-0.49,0.0,90.17,90.18,90.17,395.02
212,8:50,1.79,49.72,-0.45,0.0,90.17,90.18,90.17,395.02
212,9:00,1.5,40.11,-0.5,0.0,90.17,90.18,90.17,395.02
212,9:10,1.31,25.71,-0.46,0.0,90.17,90.18,90.17,395.02
212,9:20,0.92,9.1,-0.21,0.0,90.17,90.18,90.17,395.02
212,9:30,0.53,21.41,-0.23,0.0,90.17,90.18,90.17,395.02
212,9:40,0.74,37.55,-0.2,0.0,90.17,90.18,90.17,395.02
212,9:50,0.66,33.32,-0.12,0.0,90.17,90.18,90.17,395.02
212,10:00,0.3,-19.41,-0.1,0.0,90.17,90.18,90.17,395.02
212,10:10,0.81,11.73,0.08,0.0,90.17,90.18,90.17,395.02
212,10:20,1.15,-11.9,0.39,0.0,90.17,90.18,90.17,395.02
212,10:30,1.58,-16.74,0.6,0.0,90.17,90.18,90.17,395.02
212,10:40,2.0,-2.45,0.98,0.0,90.17,90.18,90.17,395.02
212,10:50,1.85,-4.96,1.25,0.0,90.17,90.18,90.17,395.02
212,11:00,1.26,-31.04,1.32,0.0,90.17,90.18,90.17,395.02
212,11:10,1.39,-29.82,1.38,0.0,90.17,90.18,90.17,395.02
212,11:20,2.07,-1.21,1.31,0.0,90.17,90.18,90.17,395.02
212,11:30,1.65,13.3,1.17,0.0,90.17,90.18,90.17,395.02
212,11:40,0.94,25.4,1.27,0.0,90.17,90.18,90.17,395.02
212,11:50,0.56,65.22,1.5,0.0,90.17,90.18,90.17,395.02
212,12:00,0.43,102.76,1.69,0.0,90.17,90.18,90.17,395.02
212,12:10,0.35,-22.94,1.63,0.0,90.17,90.18,90.17,395.02
212,12:20,0.3,-81.1,1.84,0.0,90.17,90.18,90.17,395.02
212,12:30,0.86,-90.85,2.17,0.0,90.17,90.18,90.17,395.02
212,12:40,1.37,-143.98,2.77,0.0,90.17,90.18,90.17,395.02
212,12:50,1.08,-138.97,2.88,0.0,90.17,90.18,90.17,395.02
212,13:00,1.32,-132.11,3.23,0.0,90.17,90.18,90.17,395.02
212,13:10,1.69,-143.34,3.42,0.0,90.17,90.18,90.17,395.02
212,13:20,1.31,-147.29,3.58,0.0,90.17,90.18,90.17,395.02
212,13:30,0.83,-142.09,3.43,0.0,90.17,90.18,90.17,395.02
212,13:40,0.93,-105.97,3.39,0.0,90.17,90.18,90.17,395.02
212,13:50,0.71,-122.35,3.4,0.0,90.17,90.18,90.17,395.02
212,14:00,,,,,,,,
212,14:10,0.78,-132.7,3.69,0.0,90.17,90.18,90.17,395.02
212,14:20,1.45,-150.65,4.02,0.0,90.17,90.18,90.17,395.02
212,14:30,1.42,-157.84,4.2,0.0,90.17,90.18,90.17,395.02
212,14:40,1.51,-157.69,4.38,0.0,90.17,90.18,90.17,395.02
212,14:50,1.22,-146.9,4.44,0.0,90.17,90.18,90.17,395.02
212,15:00,1.15,-144.59,4.44,0.0,90.17,90.18,90.17,395.02
212,15:10,1.11,-137.75,4.29,0.0,90.17,90.18,90.17,395.02
212,15:20,1.17,-110.81,4.17,0.0,90.17,90.18,90.17,395.02
212,15:30,0.92,-118.51,4.15,0.0,90.17,90.18,90.17,395.02
212,15:40,0.88,15.28,4.11,0.0,90.17,90.18,90.17,395.02
212,15:50,1.07,1.24,3.98,0.0,90.17,90.18,90.17,395.02
212,16:00,1.24,15.39,3.93,0.0,90.17,90.18,90.17,395.02
212,16:10,1.34,136.17,3.76,0.0,90.17,90.18,90.17,395.02
212,16:20,1.33,136.25,3.87,0.0,90.17,90.18,90.17,395.02
212,16:30,1.32,146.22,3.85,0.0,90.17,90.18,90.17,395.02
212,16:40,1.29,145.72,3.93,0.0,90.17,90.18,90.17,395.02
212,16:50,1.59,146.62,3.93,0.0,90.17,90.18,90.17,395.02
212,17:00,1.38,143.79,3.99,0.0,90.17,90.18,90.17,395.02
212,17:10,0.98,137.38,4.1,0.0,90.17,90.18,90.17,395.02
212,17:20,0.86,123.38,4.11,0.0,90.17,90.18,90.17,395.02
212,17:30,0.78,111.6,4.11,0.0,90.17,90.18,90.17,395.02
212,17:40,0.84,101.71,4.18,0.0,90.17,90.18,90.17,395.02
212,17:50,1.38,94.28,4.2,0.0,90.17,90.18,90.17,395.02
212,18:00,1.62,90.74,4.2,0.0,90.17,90.18,90.17,395.02
212,18:10,1.31,112.45,4.2,0.0,90.17,90.18,90.17,395.02
212,18:20,1.14,124.95,4.14,0.0,90.17,90.18,90.17,395.02
212,18:30,1.25,107.57,4.1,0.0,90.17,90.18,90.17,395.02
212,18:40,1.62,97.03,4.1,0.0,90.17,90.18,90.17,395.02
212,18:50,1.82,97.73,4.05,0.0,90.17,90.18,90.17,395.02
212,19:00,3.25,103.44,3.92,0.0,90.17,90.18,90.17,379.71
212,19:10,4.06,-46.73,3.96,-0.02,84.03,84.04,84.03,220.45
212,19:20,3.89,0.27,4.07,179.23,0.56,0.56,0.57,146.47
212,19:30,4.64,0.11,4.31,297.88,0.01,0.01,0.01,147.54
212,19:40,4.94,6.33,4.56,309.67,0.01,0.01,0.01,149.84
212,19:50,5.03,1.75,4.75,334.68,0.01,0.01,0.01,158.11
212,20:00,4.95,-0.73,4.81,323.86,0.01,0.01,0.01,158.11
212,20:10,5.31,-0.34,4.97,395.45,0.01,0.01,0.01,158.11
212,20:20,5.84,-5.76,4.91,459.66,0.01,0.01,0.01,156.44
212,20:30,6.03,-1.11,5.01,564.2,0.01,0.01,0.01,149.52
212,20:40,7.08,-1.24,4.62,664.3,0.01,0.01,0.01,154.5
212,20:50,7.58,-5.67,4.49,721.54,0.01,0.01,0.01,158.09
212,21:00,7.61,-3.21,4.41,792.94,0.01,0.01,0.01,152.35
212,21:10,8.2,-6.02,4.13,887.77,0.01,0.01,0.01,149.52
212,21:20,8.73,-7.14,4.15,950.02,0.01,0.01,0.01,149.52
212,21:30,9.37,-6.25,4.21,1077.28,0.01,0.01,0.01,149.52
212,21:40,8.95,-2.34,4.01,1079.38,0.01,0.01,0.01,143.12
212,21:50,8.9,-0.23,3.84,1103.68,0.01,0.01,0.01,141.91
212,22:00,9.11,0.97,3.98,1186.71,0.01,0.01,0.01,141.91
212,22:10,8.73,1.28,4.23,1249.88,0.01,0.01,0.01,141.91
212,22:20,9.03,0.3,4.15,1181.46,0.01,0.01,0.01,141.91
212,22:30,8.28,-0.46,3.64,980.43,0.01,0.01,0.01,141.91
212,22:40,9.53,-3.05,3.83,1187.48,0.01,0.01,0.01,141.91
212,22:50,9.93,-5.28,4.52,1268.35,0.01,0.01,0.01,141.91
212,23:00,9.71,-3.67,4.49,1312.23,0.01,0.01,0.01,136.22
212,23:10,9.18,-1.83,4.3,1023.88,3.0,3.0,3.0,134.35
212,23:20,9.4,-3.35,4.55,832.48,5.69,5.69,5.69,134.35
212,23:30,9.65,-4.51,4.76,1051.55,3.69,3.69,3.69,134.35
212,23:40,9.61,-3.82,4.67,1300.1,0.01,0.01,0.01,134.35
212,23:50,9.69,-3.15,4.49,1309.26,0.01,0.01,0.01,134.35
213,0:00,9.72,-0.6,4.5,1343.64,0.01,0.01,0.01,134.35
213,0:10,10.1,4.02,4.9,1486.79,0.44,0.44,0.44,134.35
213,0:20,10.47,4.32,5.32,1520.23,1.62,1.62,1.62,134.35
213,0:30,10.6,1.86,5.37,1519.6,1.71,1.71,1.71,134.35
213,0:40,10.23,0.51,5.07,1506.41,0.38,0.38,0.38,134.35
213,0:50,10.39,0.62,5.13,1517.91,1.24,1.24,1.24,134.35
213,1:00,10.37,0.15,5.15,1519.16,1.66,1.66,1.66,134.35
213,1:10,10.16,-0.74,5.0,1485.27,1.04,1.04,1.04,134.35
213,1:20,9.54,-0.15,4.77,1498.55,0.44,0.44,0.44,134.35
213,1:30,10.21,1.07,5.08,1519.73,2.51,2.51,2.51,134.35
213,1:40,10.82,1.92,5.1,1520.08,3.49,3.49,3.49,134.35
213,1:50,11.28,3.8,5.47,1520.02,4.54,4.54,4.54,134.37
213,2:00,11.91,-2.42,5.42,1519.67,5.66,5.66,5.66,141.84
213,2:10,11.16,-3.19,5.16,1519.65,5.24,5.24,5.24,141.91
213,2:20,11.06,-4.76,4.68,1519.43,3.49,3.49,3.49,141.91
213,2:30,10.84,-4.41,4.22,1519.41,1.82,1.82,1.82,139.12
213,2:40,10.45,0.8,3.93,1518.23,1.44,1.44,1.44,134.35
213,2:50,10.84,0.81,4.05,1519.86,2.97,2.97,2.97,134.35
213,3:00,11.09,1.52,4.23,1519.78,4.08,4.08,4.08,134.35
213,3:10,11.14,1.08,4.27,1519.64,4.06,4.06,4.06,134.35
213,3:20,10.91,-0.15,4.12,1518.95,3.2,3.2,3.2,134.35
213,3:30,10.77,-1.2,4.01,1518.98,2.71,2.71,2.71,134.35
213,3:40,10.44,-0.97,3.88,1501.34,1.3,1.3,1.3,134.35
213,3:50,9.68,1.19,3.43,1378.03,0.02,0.02,0.02,134.35
213,4:00,9.96,2.26,3.4,1438.22,0.03,0.03,0.03,134.35
213,4:10,9.89,2.26,3.56,1424.39,0.18,0.18,0.18,134.35
213,4:20,9.26,3.02,3.36,1283.69,0.01,0.01,0.01,134.35
213,4:30,8.87,1.19,3.05,1192.38,0.01,0.01,0.01,134.35
213,4:40,8.77,3.01,2.89,1166.26,0.01,0.01,0.01,134.35
213,4:50,8.33,4.41,2.66,1002.12,0.01,0.01,0.01,137.37
213,5:00,8.42,-0.48,2.21,1003.18,0.01,0.01,0.01,142.97
213,5:10,8.61,-1.61,2.2,1012.29,0.01,0.01,0.01,142.97
213,5:20,8.28,-2.55,1.98,951.02,0.01,0.01,0.01,142.97
213,5:30,8.49,-0.73,2.01,1010.61,0.01,0.01,0.01,142.97
213,5:40,8.58,0.1,2.01,1044.93,0.01,0.01,0.01,142.97
213,5:50,8.15,4.01,1.98,965.24,0.01,0.01,0.01,142.97
213,6:00,8.02,2.24,1.77,890.52,0.01,0.01,0.01,149.47
213,6:10,7.81,-0.21,1.47,824.86,0.01,0.01,0.01,151.58
213,6:20,7.34,-0.54,1.73,740.33,0.01,0.01,0.01,151.58
213,6:30,7.0,-2.7,1.55,633.18,0.03,0.03,0.03,151.58
213,6:40,6.36,-3.5,1.57,526.92,0.03,0.03,0.03,151.58
213,6:50,5.54,-3.27,1.64,384.52,0.04,0.04,0.03,146.5
213,7:00,4.28,-4.7,1.52,216.76,0.04,0.04,0.04,142.99
213,7:10,3.57,-3.09,1.64,109.47,0.04,0.04,0.04,142.99
213,7:20,3.13,-4.25,1.78,81.37,0.04,0.04,0.04,142.99
213,7:30,2.69,-3.47,1.9,40.41,0.04,0.04,0.04,142.99
213,7:40,1.87,-0.7,2.32,3.18,21.15,21.1,21.15,142.99
213,7:50,0.52,29.63,1.96,-0.3,90.17,89.92,90.17,142.99
213,8:00,0.61,86.33,1.93,-0.3,90.17,89.92,90.17,142.99
213,8:10,0.96,142.71,1.31,-0.3,90.17,89.92,90.17,142.99
213,8:20,1.64,-16.61,0.91,-0.3,90.17,89.92,90.17,142.99
213,8:30,3.95,-135.58,1.9,-0.3,90.17,89.92,90.17,104.59
213,8:40,3.65,-7.94,2.09,95.6,34.98,34.91,34.98,-19.51
213,8:50,2.68,-3.91,1.75,70.03,0.03,0.02,0.03,-20.42
213,9:00,2.91,-8.26,1.04,83.84,0.02,0.02,0.02,-32.79
213,9:10,4.22,-0.59,0.45,281.46,0.03,0.03,0.03,-32.04
213,9:20,5.08,2.57,0.14,276.73,4.53,4.53,4.53,-22.37
213,9:30,5.42,0.58,0.04,93.67,52.58,52.56,52.58,-17.89
213,9:40,4.3,-4.03,0.06,99.99,38.42,38.4,38.42,-22.08
213,9:50,3.2,-4.94,0.07,109.41,0.01,0.01,0.01,-24.95
213,10:00,2.53,4.7,0.52,76.57,0.01,0.01,0.01,-28.53
213,10:10,2.8,3.5,1.01,71.33,0.01,0.01,0.01,-18.17
213,10:20,1.65,8.31,1.3,3.45,0.01,0.01,0.01,-9.96
213,10:30,1.32,-2.07,0.67,-0.3,21.93,21.93,21.94,-5.59
213,10:40,0.77,-8.28,0.56,-0.3,90.17,90.18,90.17,-5.59
213,10:50,0.58,-23.77,0.51,-0.3,90.17,90.18,90.17,-5.59
213,11:00,1.05,-37.5,0.48,-0.3,90.17,90.18,90.17,-5.59
213,11:10,1.24,-70.42,0.95,-0.3,90.17,90.18,90.17,-5.59
213,11:20,1.43,-76.66,1.77,-0.3,90.17,90.18,90.17,-5.59
213,11:30,1.18,-69.23,1.63,-0.3,90.17,90.18,90.17,-5.59
213,11:40,0.67,-65.1,1.25,-0.3,90.17,90.18,90.17,-5.59
213,11:50,0.32,-91.64,1.11,-0.3,90.17,90.18,90.17,-5.59
213,12:00,0.78,-96.87,1.44,-0.3,90.17,90.18,90.17,-5.59
213,12:10,0.89,-106.71,1.92,-0.3,90.17,90.18,90.17,-5.59
213,12:20,0.99,-92.89,2.13,-0.3,90.17,90.18,90.17,-5.59
213,12:30,1.33,-68.29,2.4,-0.3,90.17,90.18,90.17,-5.59
213,12:40,1.48,-59.89,2.61,-0.3,90.17,90.18,90.17,-5.59
213,12:50,1.71,-57.01,2.82,-0.3,90.17,90.18,90.17,-5.59
213,13:00,1.61,-49.65,3.09,-0.3,90.17,90.18,90.17,-5.59
213,13:10,1.97,-49.34,3.34,-0.3,90.17,90.18,90.17,-5.59
213,13:20,2.12,-38.26,3.49,-0.3,90.17,90.18,90.17,-5.59
213,13:30,2.03,-31.91,3.58,-0.3,90.17,90.18,90.17,-5.59
213,13:40,2.93,-31.77,3.67,-0.3,78.54,78.54,78.54,-17.65
213,13:50,3.38,7.09,4.13,161.54,0.46,0.46,0.46,-49.69
213,14:00,2.8,4.92,4.44,108.39,0.01,0.01,0.01,-40.52
213,14:10,2.97,-3.73,4.44,109.6,0.01,0.01,0.01,-31.62
213,14:20,3.03,-2.94,4.48,109.92,0.01,0.01,0.01,-44.01
213,14:30,2.78,3.51,4.8,78.03,0.01,0.01,0.01,-44.11
213,14:40,2.98,-5.14,4.78,102.33,0.01,0.01,0.01,-44.13
213,14:50,2.89,-6.66,4.75,82.21,0.01,0.01,0.01,-46.59
213,15:00,2.72,5.97,4.9,86.76,0.01,0.01,0.01,-49.24
213,15:10,3.18,-1.86,4.93,106.07,0.01,0.01,0.01,-35.13
213,15:20,2.58,-5.81,5.03,54.82,0.01,0.01,0.01,-34.53
213,15:30,2.88,-0.97,4.99,99.27,0.01,0.01,0.01,-44.23
213,15:40,3.18,3.77,5.03,133.42,0.09,0.09,0.09,-42.96
213,15:50,3.84,-6.78,4.82,137.33,22.13,22.14,22.14,-42.2
213,16:00,3.71,-1.61,4.81,-0.3,90.17,90.17,90.17,-44.23
213,16:10,3.02,3.87,5.0,83.49,12.65,12.65,12.65,-40.21
213,16:20,3.59,1.35,5.27,154.41,0.01,0.01,0.01,-33.15
213,16:30,2.88,-2.9,5.39,90.53,0.01,0.01,0.01,-30.61
213,16:40,3.66,-0.86,4.64,174.6,0.01,0.01,0.01,-35.38
213,16:50,2.96,2.8,5.08,91.56,0.01,0.01,0.01,-25.38
213,17:00,3.08,2.51,4.9,97.9,0.02,0.02,0.03,-24.81
213,17:10,2.74,-2.34,4.97,79.08,0.02,0.02,0.02,-24.81
213,17:20,2.05,-0.8,5.16,47.78,0.03,0.02,0.03,-24.81
213,17:30,1.9,2.08,4.91,28.96,0.02,0.03,0.03,-24.81
213,17:40,2.38,-2.96,4.7,56.57,0.01,0.01,0.01,-24.81
213,17:50,2.14,6.41,5.45,41.9,0.01,0.01,0.01,-24.81
213,18:00,1.37,5.95,5.09,3.17,2.21,2.21,2.21,-24.81
213,18:10,1.31,12.14,4.39,-0.3,90.05,89.84,90.06,-24.81
213,18:20,1.48,12.25,4.41,-0.3,90.17,89.96,90.18,-24.81
213,18:30,1.12,25.11,4.32,-0.3,90.17,89.96,90.18,-24.81
213,18:40,1.07,39.58,4.06,-0.3,90.17,89.96,90.18,-24.81
213,18:50,1.04,46.33,3.95,-0.3,90.17,89.96,90.18,-24.81
213,19:00,0.94,52.58,4.02,-0.3,90.17,89.96,90.18,-24.81
213,19:10,0.44,34.39,3.59,-0.3,90.17,89.96,90.18,-24.81
213,19:20,0.4,37.06,3.28,-0.3,90.17,89.96,90.18,-24.81
213,19:30,0.51,53.05,3.09,-0.3,90.17,89.96,90.18,-24.81
213,19:40,0.86,73.57,3.17,-0.3,90.17,89.96,90.18,-24.81
213,19:50,1.33,89.33,3.43,-0.3,90.17,89.96,90.18,-24.81
213,20:00,1.7,93.18,3.7,-0.3,90.17,89.96,90.18,-24.81
213,20:10,1.88,99.78,3.88,-0.3,90.17,89.96,90.18,-24.81
213,20:20,3.01,81.54,3.95,-0.3,90.17,89.96,90.18,-11.61
213,20:30,1.7,-1.11,3.57,-0.3,22.02,22.0,22.02,63.57
213,20:40,2.33,-15.24,3.57,-0.3,72.36,72.36,72.36,67.86
213,20:50,3.1,-6.41,3.39,32.87,60.75,60.74,60.74,60.56
213,21:00,2.44,3.61,4.0,77.29,0.01,0.01,0.01,60.2
213,21:10,0.83,7.01,3.92,2.11,51.75,51.66,51.75,62.74
213,21:20,0.68,-71.44,3.18,-0.3,90.17,90.01,90.17,62.74
213,21:30,1.3,-146.07,3.39,-0.3,90.17,90.01,90.17,62.74
213,21:40,0.61,72.89,2.75,-0.3,90.17,90.01,90.17,62.74
213,21:50,0.78,91.1,2.94,-0.3,90.17,90.01,90.17,62.74
213,22:00,0.75,92.82,3.16,-0.3,90.17,90.01,90.17,62.74
213,22:10,0.69,127.41,2.54,-0.3,90.17,90.01,90.17,62.74
213,22:20,0.68,141.63,2.13,-0.3,90.17,90.01,90.17,62.74
213,22:30,0.48,-10.1,1.77,-0.3,90.17,90.01,90.17,62.74
213,22:40,0.69,144.3,1.81,-0.3,90.17,90.01,90.17,62.74
213,22:50,0.69,67.91,1.68,-0.3,90.17,90.01,90.17,62.74
213,23:00,0.73,83.52,1.75,-0.3,90.17,90.01,90.17,62.74
213,23:10,0.59,72.76,1.56,-0.3,90.17,90.01,90.17,62.74
213,23:20,0.72,87.5,1.62,-0.3,90.17,90.01,90.17,62.74
213,23:30,1.06,96.35,1.6,-0.3,90.17,90.01,90.17,62.74
213,23:40,1.3,78.56,1.64,-0.3,90.17,90.01,90.17,62.74
213,23:50,1.2,74.08,1.66,-0.3,90.17,90.01,90.17,62.74
214,0:00,1.57,96.5,1.89,-0.3,90.17,90.01,90.17,62.74
214,0:10,2.28,98.35,2.0,-0.3,90.17,90.01,90.17,62.74
214,0:20,2.26,78.02,2.0,-0.3,90.17,90.01,90.17,62.74
214,0:30,2.08,74.04,1.84,-0.3,90.17,90.01,90.17,62.74
214,0:40,1.58,69.4,1.81,-0.3,90.17,90.01,90.17,62.74
214,0:50,1.87,71.82,1.79,-0.3,90.17,90.01,90.17,62.74
214,1:00,2.41,64.88,1.55,-0.3,90.17,90.01,90.17,62.74
214,1:10,3.07,30.79,1.39,21.37,63.16,63.06,63.16,102.48
214,1:20,3.15,-1.91,1.45,173.68,0.01,0.01,0.01,122.42
214,1:30,2.4,-0.65,1.97,109.95,0.01,0.01,0.01,121.48
214,1:40,2.35,-3.14,2.27,108.69,0.01,0.01,0.01,121.48
214,1:50,2.53,-4.59,2.4,109.17,0.01,0.01,0.01,121.48
214,2:00,3.11,2.89,2.63,137.41,0.01,0.01,0.01,121.48
214,2:10,2.96,6.85,2.94,130.96,0.01,0.01,0.01,121.48
214,2:20,2.85,-0.15,3.16,146.98,0.01,0.01,0.01,132.63
214,2:30,3.11,-2.99,3.1,162.04,0.01,0.01,0.01,134.04
214,2:40,3.75,2.32,3.14,229.49,0.01,0.01,0.01,139.07
214,2:50,3.75,-0.54,2.96,249.76,0.01,0.01,0.01,144.6
214,3:00,4.58,-2.44,2.34,274.46,0.01,0.01,0.01,153.83
214,3:10,4.91,-6.79,2.2,292.74,0.01,0.01,0.01,155.21
214,3:20,5.03,-5.87,2.24,284.34,0.01,0.01,0.01,151.2
214,3:30,5.32,-4.59,1.9,367.44,0.01,0.01,0.01,144.6
214,3:40,5.79,-4.56,1.63,449.22,0.01,0.01,0.01,144.6
214,3:50,5.82,-6.09,1.46,425.57,0.01,0.01,0.01,144.6
214,4:00,5.09,-3.5,1.42,335.9,0.01,0.01,0.01,139.89
214,4:10,4.4,2.7,1.42,246.86,0.01,0.01,0.01,136.02
214,4:20,3.58,-3.97,1.66,152.59,0.01,0.01,0.01,136.02
214,4:30,3.56,-5.97,1.16,148.58,0.01,0.01,0.01,133.99
214,4:40,3.42,-5.63,1.44,166.54,0.01,0.01,0.01,125.42
214,4:50,3.59,-3.6,1.09,169.77,0.01,0.01,0.01,125.42
214,5:00,3.81,2.35,1.52,184.48,0.01,0.01,0.01,125.6
214,5:10,3.85,-2.42,1.07,204.0,0.01,0.01,0.01,136.01
214,5:20,4.18,-2.17,1.18,230.29,0.01,0.01,0.01,136.02
214,5:30,4.63,-1.14,1.22,289.12,0.01,0.01,0.01,136.02
214,5:40,5.14,-1.67,1.16,365.19,0.01,0.01,0.01,136.02
214,5:50,5.9,-0.22,1.07,480.15,0.01,0.01,0.01,136.02
214,6:00,6.51,0.46,0.92,583.45,0.01,0.01,0.01,136.02
214,6:10,6.35,-0.06,0.85,568.26,0.01,0.01,0.01,136.02
214,6:20,6.69,2.21,0.69,605.22,0.01,0.01,0.01,136.02
214,6:30,7.82,-0.48,0.46,761.03,0.01,0.01,0.01,144.16
214,6:40,8.12,-4.28,0.12,798.65,0.01,0.01,0.01,144.6
214,6:50,8.2,-4.37,0.03,882.04,0.01,0.01,0.01,144.6
214,7:00,8.35,-6.57,-0.01,875.06,0.01,0.01,0.01,144.6
214,7:10,7.35,-5.61,0.09,779.44,0.01,0.01,0.01,141.72
214,7:20,7.64,1.31,0.11,802.49,0.01,0.01,0.01,136.0
214,7:30,6.77,-4.69,-0.01,587.84,0.01,0.01,0.01,135.98
214,7:40,5.97,-5.41,0.18,442.5,0.01,0.01,0.01,135.98
214,7:50,5.68,-5.64,0.21,415.62,0.01,0.01,0.01,135.98
214,8:00,5.5,-3.85,0.3,429.54,0.01,0.01,0.01,135.98
214,8:10,5.81,-2.74,0.35,453.26,0.01,0.01,0.01,135.98
214,8:20,5.8,-2.87,0.4,482.16,0.01,0.01,0.01,135.98
214,8:30,6.17,-2.02,0.32,557.28,0.01,0.01,0.01,135.98
214,8:40,5.73,-5.9,0.33,433.21,0.01,0.01,0.01,135.63
214,8:50,5.42,0.07,0.39,438.93,0.01,0.01,0.01,127.37
214,9:00,5.43,3.69,0.47,438.54,0.01,0.01,0.01,127.37
214,9:10,5.33,2.26,0.59,413.06,0.01,0.01,0.01,131.23
214,9:20,5.43,-2.6,0.65,432.2,0.01,0.01,0.01,135.96
214,9:30,5.8,-2.49,0.71,486.28,0.01,0.01,0.01,135.96
214,9:40,5.86,-2.68,0.79,486.76,0.01,0.01,0.01,135.96
214,9:50,5.65,-5.95,0.8,424.52,0.01,0.01,0.01,135.96
214,10:00,5.54,-4.64,0.88,416.88,0.01,0.01,0.01,135.96
214,10:10,5.44,-4.86,0.99,406.31,0.01,0.01,0.01,135.96
214,10:20,5.04,-5.33,0.95,324.56,0.01,0.01,0.01,135.96
214,10:30,4.03,-2.65,1.04,223.63,0.01,0.01,0.01,135.96
214,10:40,4.36,-1.38,1.27,258.11,0.01,0.01,0.01,135.96
214,10:50,4.37,1.13,1.79,284.23,0.01,0.01,0.01,135.96
214,11:00,6.04,2.96,2.05,525.65,0.01,0.01,0.01,140.33
214,11:10,5.84,-2.8,1.85,501.48,0.01,0.01,0.01,144.53
214,11:20,6.67,1.94,2.04,650.0,0.01,0.01,0.01,147.58
214,11:30,6.38,-1.13,1.69,604.66,0.01,0.01,0.01,153.1
214,11:40,6.05,0.18,1.96,560.72,0.01,0.01,0.01,153.15
214,11:50,5.88,-1.19,2.16,516.17,0.01,0.01,0.01,152.2
214,12:00,6.13,-2.33,2.31,514.59,0.01,0.01,0.01,152.42
214,12:10,5.66,0.15,2.56,427.8,0.01,0.01,0.01,146.01
214,12:20,5.33,-0.65,2.99,399.37,0.01,0.01,0.01,150.62
214,12:30,5.29,2.29,3.47,383.23,0.01,0.01,0.01,152.63
214,12:40,4.65,1.35,3.75,297.48,0.01,0.01,0.01,157.65
214,12:50,4.59,-2.94,3.79,294.49,0.01,0.01,0.01,160.71
214,13:00,4.7,1.88,3.95,277.36,0.01,0.01,0.01,162.88
214,13:10,5.28,-1.71,4.35,323.07,0.01,0.01,0.01,165.17
214,13:20,4.89,0.65,4.42,314.14,0.01,0.01,0.01,167.54
214,13:30,4.91,-5.37,4.52,323.67,0.01,0.01,0.01,167.39
214,13:40,4.66,-2.65,4.54,283.95,0.01,0.01,0.01,157.8
214,13:50,4.37,2.83,4.82,272.02,0.01,0.01,0.01,158.2
214,14:00,4.35,-0.93,5.28,237.2,0.01,0.01,0.01,162.51
214,14:10,4.38,-3.94,5.28,250.44,0.01,0.01,0.01,168.2
214,14:20,3.97,-0.24,5.29,200.57,0.01,0.01,0.01,165.24
214,14:30,4.19,1.77,5.84,223.14,0.02,0.02,0.02,165.25
214,14:40,4.13,1.22,6.13,230.88,0.03,0.03,0.03,163.51
214,14:50,4.23,-0.64,6.07,233.56,0.02,0.02,0.02,170.4
214,15:00,3.75,-2.8,6.01,154.42,0.01,0.02,0.01,170.4
214,15:10,3.66,-0.14,6.29,164.85,0.02,0.01,0.01,170.4
214,15:20,4.35,-2.69,5.99,237.88,0.02,0.01,0.01,179.84
214,15:30,4.1,3.24,6.14,220.64,0.02,0.01,0.01,171.26
214,15:40,4.19,1.32,6.63,212.99,0.02,0.01,0.01,177.59
214,15:50,4.11,-1.2,6.51,215.12,0.02,0.01,0.01,174.87
214,16:00,3.91,1.82,6.62,212.2,0.02,0.01,0.01,170.41
214,16:10,3.62,2.97,6.87,184.01,0.02,0.01,0.01,170.41
214,16:20,4.39,3.26,7.17,244.73,0.02,0.01,0.01,170.41
214,16:30,4.38,-1.28,6.9,254.57,0.02,0.01,0.01,170.41
214,16:40,4.28,-1.12,6.66,240.0,0.02,0.01,0.01,170.41
214,16:50,5.29,2.39,6.73,383.7,0.02,0.01,0.01,170.41
214,17:00,5.11,1.74,6.41,375.82,0.02,0.01,0.01,174.03
214,17:10,5.02,-0.87,6.31,342.1,0.02,0.01,0.01,178.98
214,17:20,4.31,-4.73,6.2,252.88,0.02,0.01,0.01,178.98
214,17:30,4.04,-2.1,6.3,215.86,0.02,0.01,0.01,178.98
214,17:40,4.27,0.76,5.96,233.5,0.02,0.01,0.01,178.98
214,17:50,3.91,1.35,5.84,214.36,0.02,0.01,0.01,178.98
214,18:00,3.78,-0.67,5.56,205.95,0.02,0.01,0.01,178.98
214,18:10,4.41,-3.65,4.95,241.6,0.02,0.01,0.01,178.98
214,18:20,4.64,-3.85,4.64,248.59,0.02,0.01,0.01,178.98
214,18:30,5.1,-6.03,4.48,328.93,0.02,0.01,0.01,178.98
214,18:40,5.02,-1.66,4.19,324.81,0.02,0.01,0.01,178.98
214,18:50,4.65,4.81,4.08,254.84,0.02,0.01,0.01,178.98
214,19:00,5.58,0.69,3.78,388.35,0.02,0.01,0.01,178.98
214,19:10,5.58,-1.12,3.58,401.28,0.02,0.01,0.01,178.98
214,19:20,5.63,-4.3,3.4,393.69,0.02,0.01,0.01,178.98
214,19:30,5.21,-5.16,3.2,353.03,0.02,0.01,0.01,175.46
214,19:40,5.6,-1.3,3.07,415.3,0.02,0.01,0.01,170.41
214,19:50,5.96,-4.56,3.01,442.77,0.02,0.01,0.01,170.41
214,20:00,6.05,-0.15,2.86,531.65,0.02,0.01,0.01,162.47
214,20:10,6.06,-0.72,2.82,517.65,0.02,0.01,0.01,161.8
214,20:20,6.35,-1.39,2.73,585.71,0.02,0.01,0.01,161.8
214,20:30,6.39,-3.37,2.63,568.7,0.02,0.01,0.01,161.8
214,20:40,6.62,-3.62,2.46,639.32,0.02,0.01,0.01,161.8
214,20:50,7.17,-3.82,2.15,690.38,0.02,0.01,0.01,161.8
214,21:00,6.71,-4.41,2.07,621.46,0.02,0.01,0.01,161.8
214,21:10,6.31,1.67,2.04,591.43,0.02,0.01,0.01,153.52
214,21:20,6.07,-2.24,2.03,546.88,0.02,0.01,0.01,153.23
214,21:30,6.02,-4.87,2.03,513.56,0.02,0.01,0.01,153.23
214,21:40,5.84,-3.53,1.99,465.76,0.02,0.01,0.01,145.81
214,21:50,5.75,-2.67,1.92,458.93,0.02,0.01,0.01,144.62
214,22:00,5.65,-5.44,1.87,434.33,0.02,0.01,0.01,144.62
214,22:10,6.34,-0.91,1.93,558.83,0.02,0.01,0.01,137.03
214,22:20,6.14,-0.49,1.98,511.77,0.02,0.01,0.01,136.04
214,22:30,5.67,-3.86,2.01,417.06,0.02,0.01,0.01,130.06
214,22:40,5.14,-4.87,1.93,342.69,0.02,0.01,0.01,127.48
214,22:50,5.35,-4.6,1.85,346.95,0.02,0.01,0.01,126.12
214,23:00,4.91,0.09,1.79,320.74,0.02,0.01,0.01,118.86
214,23:10,5.34,4.34,1.88,381.5,0.02,0.01,0.01,118.86
214,23:20,5.29,2.34,1.88,369.69,0.02,0.01,0.01,126.25
214,23:30,5.38,1.59,1.8,389.71,0.02,0.01,0.01,127.48
214,23:40,5.52,3.68,1.76,406.47,0.02,0.01,0.01,127.48
214,23:50,5.09,1.61,1.75,326.48,0.02,0.01,0.01,127.48
215,0:00,,,,,,,,
215,0:10,5.85,-0.39,1.72,431.3,1.24,1.24,1.24,127.48
215,0:20,6.29,4.93,1.59,539.22,0.01,0.01,0.01,129.93
215,0:30,6.87,-2.3,1.34,676.87,0.01,0.01,0.01,136.09
215,0:40,6.73,-2.47,1.06,709.54,0.01,0.01,0.01,136.09
215,0:50,7.05,-2.57,1.03,659.12,0.01,0.01,0.01,136.09
215,1:00,6.43,-3.18,0.82,538.58,0.01,0.01,0.01,130.47
215,1:10,6.63,-3.27,0.93,551.86,0.01,0.01,0.01,127.52
215,1:20,6.49,-5.54,0.99,558.58,0.01,0.01,0.01,127.52
215,1:30,6.59,-4.13,1.06,570.57,0.01,0.01,0.01,127.52
215,1:40,6.92,-2.8,0.97,654.2,0.01,0.01,0.01,127.52
215,1:50,7.36,3.04,0.54,782.8,0.01,0.01,0.01,127.49
215,2:00,8.27,0.49,0.53,1009.88,0.01,0.01,0.01,135.52
215,2:10,8.77,4.52,0.8,1155.36,0.01,0.01,0.01,136.09
215,2:20,8.53,-1.33,0.39,1039.32,0.01,0.01,0.01,136.09
215,2:30,8.95,-4.14,0.28,1088.25,0.01,0.01,0.01,136.09
215,2:40,9.11,-4.1,0.5,1159.94,0.01,0.01,0.01,132.19
215,2:50,8.89,1.43,0.36,1173.95,0.01,0.01,0.01,128.54
215,3:00,9.01,2.06,0.45,1187.55,0.01,0.01,0.01,128.54
215,3:10,8.62,4.56,0.52,1143.55,0.01,0.01,0.01,128.54
215,3:20,8.43,3.56,0.48,1075.92,0.01,0.01,0.01,131.63
215,3:30,7.89,-0.97,0.05,883.68,0.01,0.01,0.01,137.1
215,3:40,7.78,-5.32,-0.1,809.55,0.01,0.01,0.01,136.15
215,3:50,7.02,-2.39,0.14,735.08,0.01,0.01,0.01,128.54
215,4:00,6.68,-1.86,0.07,650.72,0.01,0.01,0.01,128.54
215,4:10,6.54,-0.81,0.04,603.84,0.01,0.01,0.01,128.54
215,4:20,6.23,-0.73,0.02,556.42,0.01,0.01,0.01,128.52
215,4:30,6.27,-4.88,-0.03,510.61,0.01,0.01,0.01,125.06
215,4:40,6.29,-0.61,-0.04,540.46,0.01,0.01,0.01,119.88
215,4:50,6.15,3.59,-0.02,524.54,0.01,0.01,0.01,119.88
215,5:00,6.04,4.53,0.07,525.11,0.01,0.01,0.01,127.36
215,5:10,6.07,0.46,0.09,507.15,0.01,0.01,0.01,137.0
215,5:20,5.94,-0.5,0.08,505.42,0.01,0.01,0.01,137.0
215,5:30,6.17,4.34,0.07,527.9,0.01,0.01,0.01,137.0
215,5:40,5.67,0.06,-0.07,428.62,0.01,0.01,0.01,144.7
215,5:50,6.35,-1.64,-0.28,518.89,0.01,0.01,0.01,145.58
215,6:00,6.63,0.72,-0.35,610.7,0.01,0.01,0.01,145.58
215,6:10,7.13,2.33,-0.52,740.46,0.01,0.01,0.01,145.58
215,6:20,7.48,1.38,-1.11,781.89,0.01,0.01,0.01,145.58
215,6:30,6.96,-2.8,-1.17,669.33,0.01,0.01,0.01,145.58
215,6:40,7.21,-5.76,-0.99,696.01,0.01,0.01,0.01,143.78
215,6:50,7.67,-1.05,-0.88,836.83,0.01,0.01,0.01,137.0
215,7:00,8.25,0.35,-1.15,966.43,0.01,0.01,0.01,137.0
215,7:10,7.64,2.36,-1.14,843.68,0.01,0.01,0.01,137.0
215,7:20,7.63,2.98,-1.25,804.44,0.01,0.01,0.01,137.0
215,7:30,7.19,-0.17,-0.97,758.88,0.01,0.01,0.01,137.0
215,7:40,6.89,1.99,-1.33,773.07,0.01,0.01,0.01,137.0
215,7:50,6.31,0.19,-1.04,633.54,0.01,0.01,0.01,137.0
215,8:00,5.69,-1.38,-0.89,523.13,0.01,0.01,0.01,137.0
215,8:10,5.78,1.77,-0.94,540.93,0.01,0.01,0.01,137.0
215,8:20,6.06,0.39,-1.04,518.32,0.01,0.01,0.01,137.0
215,8:30,5.83,4.58,-1.13,464.36,0.01,0.01,0.01,137.29
215,8:40,6.18,-2.91,-1.28,516.13,0.01,0.01,0.01,145.58
215,8:50,6.53,-2.24,-1.19,579.76,0.01,0.01,0.01,145.58
215,9:00,6.91,-0.01,-1.59,665.58,0.01,0.01,0.01,145.58
215,9:10,6.89,-3.56,-1.48,620.36,0.01,0.01,0.01,145.58
215,9:20,6.98,-4.3,-1.61,648.99,0.01,0.01,0.01,145.58
215,9:30,7.24,-2.69,-1.73,747.19,0.01,0.01,0.01,145.58
215,9:40,,,,,,,,
215,9:50,6.81,-1.17,-2.18,727.68,0.01,0.01,0.01,145.58
215,10:00,6.64,-4.92,-1.81,563.32,0.01,0.01,0.01,145.58
215,10:10,6.5,-4.41,-1.78,599.86,0.01,0.01,0.01,145.58
215,10:20,6.21,-2.24,-1.59,581.51,0.01,0.01,0.01,145.58
215,10:30,5.83,1.09,-1.25,551.59,0.01,0.01,0.01,145.58
215,10:40,6.16,0.41,-0.97,603.27,0.01,0.01,0.01,145.58
215,10:50,6.02,1.26,-0.83,574.33,0.01,0.01,0.01,145.72
215,11:00,6.22,-3.42,-0.87,560.48,0.01,0.01,0.01,154.16
215,11:10,5.45,-1.42,-0.81,460.14,0.01,0.01,0.01,154.16
215,11:20,6.0,-1.11,-0.62,529.96,0.01,0.01,0.01,154.16
215,11:30,5.92,1.25,-0.44,542.15,0.01,0.01,0.01,154.16
215,11:40,5.88,0.32,-0.12,530.02,0.01,0.01,0.01,154.16
215,11:50,6.37,-1.75,-0.07,620.64,0.01,0.01,0.01,154.16
215,12:00,5.78,-2.1,-0.05,508.98,0.01,0.01,0.01,154.16
215,12:10,6.75,0.9,0.23,799.44,0.01,0.01,0.01,154.16
215,12:20,7.39,1.23,0.18,825.19,0.01,0.01,0.01,158.74
215,12:30,6.37,-1.11,0.41,650.18,0.01,0.01,0.01,155.44
215,12:40,6.4,-2.72,0.6,623.06,0.01,0.01,0.01,152.7
215,12:50,6.33,-1.47,0.92,605.64,0.01,0.01,0.01,154.42
215,13:00,6.29,1.08,1.31,583.44,0.01,0.01,0.01,158.42
215,13:10,6.33,-0.89,1.2,659.34,0.01,0.01,0.01,155.0
215,13:20,6.73,-0.41,1.6,693.57,0.01,0.01,0.01,157.39
215,13:30,6.1,0.11,1.66,600.57,0.01,0.01,0.01,154.95
215,13:40,6.32,0.91,1.85,614.51,0.01,0.01,0.01,151.43
215,13:50,6.09,-2.31,1.88,549.08,0.01,0.01,0.01,158.15
215,14:00,5.44,-1.38,2.09,448.99,0.01,0.01,0.01,156.07
215,14:10,5.58,0.75,2.5,437.82,0.01,0.01,0.01,158.49
215,14:20,5.54,-2.88,2.56,415.76,0.01,0.01,0.01,172.89
215,14:30,5.44,-1.42,2.73,414.8,0.01,0.01,0.01,161.34
215,14:40,4.81,3.06,2.84,327.16,0.01,0.01,0.01,160.58
215,14:50,3.89,-1.09,3.08,237.84,0.01,0.01,0.01,155.05
215,15:00,4.25,1.15,3.46,284.91,0.01,0.01,0.01,169.09
215,15:10,4.51,-0.58,3.45,252.77,0.01,0.01,0.01,170.96
215,15:20,4.1,1.18,3.96,210.41,0.01,0.01,0.01,174.73
215,15:30,4.78,-4.76,3.55,288.4,0.01,0.01,0.01,178.35
215,15:40,4.72,-5.15,3.47,276.76,0.01,0.01,0.01,178.35
215,15:50,4.58,0.92,3.44,292.17,0.01,0.01,0.01,171.8
215,16:00,4.32,-2.61,3.63,260.36,0.01,0.01,0.01,177.35
215,16:10,4.18,0.36,3.68,241.81,0.01,0.01,0.01,169.43
215,16:20,3.98,-4.17,3.31,194.91,0.01,0.01,0.01,166.56
215,16:30,4.44,1.73,3.41,253.06,0.01,0.01,0.01,164.94
215,16:40,3.77,-2.57,3.65,186.91,0.01,0.01,0.01,165.19
215,16:50,4.34,3.31,3.37,271.21,0.01,0.01,0.01,169.57
215,17:00,4.72,-0.81,3.35,282.99,0.01,0.01,0.01,175.99
215,17:10,4.39,3.47,3.22,268.61,0.01,0.01,0.01,169.43
215,17:20,4.36,3.13,3.19,255.23,0.01,0.01,0.01,175.4
215,17:30,4.03,2.12,3.21,227.3,0.01,0.01,0.01,180.04
215,17:40,3.89,-4.35,2.93,214.06,0.01,0.01,0.01,180.04
215,17:50,3.97,-1.95,3.07,188.64,0.01,0.01,0.01,176.23
215,18:00,4.0,-6.49,2.81,196.69,0.01,0.01,0.01,170.68
215,18:10,4.02,-5.91,2.7,201.27,0.01,0.01,0.01,169.54
215,18:20,4.11,-2.58,2.83,221.22,0.01,0.01,0.01,169.54
215,18:30,5.05,-6.22,2.67,324.81,0.01,0.01,0.01,164.16
215,18:40,4.53,-5.05,2.46,276.91,0.01,0.01,0.01,157.46
215,18:50,5.15,-3.53,2.39,352.0,0.01,0.01,0.01,144.15
215,19:00,5.65,0.52,2.4,447.23,0.01,0.01,0.01,136.92
215,19:10,5.41,-5.44,2.11,408.43,0.01,0.01,0.01,139.61
215,19:20,5.18,-5.1,1.92,381.96,0.01,0.01,0.01,139.61
215,19:30,4.9,-3.16,1.82,407.57,0.01,0.01,0.01,139.61
215,19:40,5.98,-1.49,1.71,516.01,0.01,0.01,0.01,139.61
215,19:50,5.88,-5.2,1.4,460.79,0.01,0.01,0.01,139.61
215,20:00,6.18,-1.81,1.17,504.66,0.01,0.01,0.01,134.16
215,20:10,5.57,2.16,1.13,444.7,0.01,0.01,0.01,134.24
215,20:20,4.9,-0.31,1.05,338.57,0.01,0.01,0.01,139.67
215,20:30,4.19,3.85,1.09,248.95,0.01,0.01,0.01,139.67
215,20:40,4.59,0.75,0.97,268.19,0.01,0.01,0.01,148.0
215,20:50,4.85,2.28,0.96,294.89,0.01,0.01,0.01,150.22
215,21:00,3.83,1.68,1.17,187.4,0.01,0.01,0.01,151.54
215,21:10,4.45,1.46,1.0,270.63,0.01,0.01,0.01,160.84
215,21:20,4.1,-1.52,0.78,228.76,0.01,0.01,0.01,160.84
215,21:30,4.2,-4.28,0.81,213.06,0.01,0.01,0.01,160.84
215,21:40,3.66,-6.41,0.69,168.05,0.01,0.01,0.01,160.84
215,21:50,4.09,-1.6,0.55,227.19,0.01,0.01,0.01,151.22
215,22:00,3.33,-0.69,0.7,172.03,0.01,0.01,0.01,150.24
215,22:10,3.27,-7.01,0.33,154.72,0.01,0.01,0.01,142.13
215,22:20,4.36,3.18,0.29,300.62,0.01,0.01,0.01,127.72
215,22:30,4.34,0.23,0.2,328.35,0.01,0.01,0.01,127.72
215,22:40,4.53,2.05,0.06,346.23,0.01,0.01,0.01,127.72
215,22:50,4.22,7.68,-0.02,293.57,0.01,0.01,0.01,128.01
215,23:00,4.13,0.65,-0.11,290.21,0.01,0.01,0.01,138.29
215,23:10,4.97,4.01,-0.19,389.18,0.01,0.01,0.01,138.29
215,23:20,5.07,2.05,-0.32,371.68,0.01,0.01,0.01,145.96
215,23:30,4.61,0.02,-0.42,291.73,0.01,0.01,0.01,148.85
215,23:40,5.12,-2.63,-0.47,336.4,0.01,0.01,0.01,148.85
215,23:50,5.15,-3.03,-0.68,350.04,0.01,0.01,0.01,148.85
216,0:00,5.14,-2.28,-0.84,344.16,0.01,0.01,0.01,148.85
216,0:10,4.7,0.5,-0.98,293.9,0.01,0.01,0.01,148.85
216,0:20,4.29,6.03,-1.12,234.08,0.01,0.01,0.01,148.85
216,0:30,5.21,2.6,-0.99,350.96,0.01,0.01,0.01,154.58
216,0:40,5.59,-5.05,-1.23,406.42,0.01,0.01,0.01,159.43
216,0:50,5.58,0.57,-1.29,412.57,0.01,0.01,0.01,154.28
216,1:00,5.27,0.04,-1.43,361.46,0.01,0.01,0.01,152.93
216,1:10,5.23,3.08,-1.49,347.04,0.01,0.01,0.01,153.44
216,1:20,5.51,-5.81,-1.54,387.57,0.01,0.01,0.01,159.47
216,1:30,5.85,-1.19,-1.56,443.49,0.01,0.01,0.01,155.09
216,1:40,5.11,-4.04,-1.77,382.74,0.01,0.01,0.01,159.47
216,1:50,5.36,-3.94,-1.85,399.52,0.01,0.01,0.01,156.29
216,2:00,6.16,3.37,-1.94,512.43,0.01,0.01,0.01,150.93
216,2:10,6.22,1.54,-2.13,534.38,0.01,0.01,0.01,150.93
216,2:20,6.37,-2.43,-2.26,568.62,0.01,0.01,0.01,150.93
216,2:30,6.38,1.32,-2.32,619.35,0.01,0.01,0.01,150.93
216,2:40,5.92,-0.34,-2.42,598.35,0.01,0.01,0.01,150.93
216,2:50,6.46,0.3,-2.54,610.19,0.01,0.01,0.01,150.93
216,3:00,6.69,-1.85,-2.7,655.54,0.01,0.01,0.01,150.93
216,3:10,6.71,-3.88,-2.76,631.9,0.01,0.01,0.01,150.93
216,3:20,6.68,-5.58,-2.81,676.16,0.01,0.01,0.01,150.93
216,3:30,6.65,-4.18,-3.23,748.75,0.01,0.01,0.01,143.08
216,3:40,6.84,-3.89,-3.36,839.94,0.01,0.01,0.01,138.81
216,3:50,5.97,1.8,-3.72,741.88,0.01,0.01,0.01,133.72
216,4:00,5.59,-1.41,-3.7,743.63,0.01,0.01,0.01,133.72
216,4:10,5.46,0.88,-3.71,638.87,0.01,0.01,0.01,133.72
216,4:20,5.54,0.07,-3.58,505.1,0.01,0.01,0.01,133.72
216,4:30,5.76,-1.01,-3.4,398.91,0.01,0.01,0.01,133.72
216,4:40,5.41,-3.47,-3.23,333.7,0.01,0.01,0.01,133.72
216,4:50,4.77,-4.44,-3.12,313.39,0.01,0.01,0.01,133.72
216,5:00,2.65,-2.82,-3.15,250.55,0.01,0.01,0.01,134.63
216,5:10,1.57,-5.63,-2.68,3.9,85.09,84.81,85.09,134.37
216,5:20,2.23,-47.07,-2.35,-0.3,90.17,89.86,90.17,134.29
216,5:30,8.81,60.57,-2.97,-0.3,90.17,89.86,90.17,59.44
216,5:40,12.8,-78.07,-3.76,-0.3,90.17,89.86,90.17,-111.62
216,5:50,11.02,106.29,-3.63,-0.3,90.17,89.86,90.17,-306.5
216,6:00,11.39,-107.29,-3.49,-0.3,90.17,89.86,90.17,-498.7
216,6:10,13.35,129.64,-3.64,-0.3,90.17,89.86,90.17,-652.99
216,6:20,8.01,-35.69,-3.74,-0.3,90.17,89.86,90.17,-518.83
216,6:30,11.67,36.69,-3.73,-0.3,90.17,89.86,90.17,-323.5
216,6:40,9.0,-74.95,-3.77,-0.3,90.17,89.86,90.17,-146.81
216,6:50,12.38,42.64,-3.85,-0.3,90.17,89.86,90.17,22.51
216,7:00,9.57,-79.04,-3.74,-0.3,90.17,89.86,90.17,205.43
216,7:10,9.71,68.11,-3.72,-0.3,90.17,89.86,90.17,399.11
216,7:20,4.87,-5.86,-3.42,121.21,20.42,20.45,20.43,486.67
216,7:30,4.79,5.97,-3.16,321.59,0.01,0.01,0.01,481.6
216,7:40,5.46,3.25,-2.39,716.73,0.01,0.01,0.01,483.44
216,7:50,6.29,6.9,-1.63,985.8,0.01,0.01,0.01,481.6
216,8:00,6.78,7.42,-2.01,1070.98,0.01,0.01,0.01,481.61
216,8:10,6.27,-1.97,-2.69,1048.5,0.01,0.01,0.01,490.07
216,8:20,7.1,0.11,-2.77,1096.83,0.01,0.01,0.01,490.17
216,8:30,7.43,2.19,-2.75,1100.98,0.01,0.01,0.01,490.17
216,8:40,7.48,3.77,-2.93,1088.75,0.01,0.01,0.01,490.17
216,8:50,7.99,4.2,-2.97,1222.01,0.01,0.01,0.01,490.17
216,9:00,8.22,0.77,-2.9,1343.4,0.01,0.01,0.01,494.87
216,9:10,7.92,-3.11,-3.48,1244.96,0.01,0.01,0.01,498.75
216,9:20,7.78,-1.85,-3.97,1151.92,0.01,0.01,0.01,498.75
216,9:30,7.67,0.01,-4.29,1057.14,0.01,0.01,0.01,498.75
216,9:40,7.45,-3.55,-4.4,1009.43,0.01,0.01,0.01,498.75
216,9:50,7.95,-3.19,-4.32,1073.17,0.01,0.01,0.01,498.75
216,10:00,8.09,-1.63,-4.27,1049.58,0.01,0.01,0.01,498.75
216,10:10,8.58,-0.05,-3.88,1250.32,0.01,0.01,0.01,498.75
216,10:20,8.45,-0.79,-3.81,1175.49,0.01,0.01,0.01,498.75
216,10:30,8.29,-3.66,-3.84,1127.05,0.01,0.01,0.01,498.75
216,10:40,8.09,-4.58,-3.86,986.39,0.01,0.01,0.01,498.75
216,10:50,7.89,-4.53,-3.78,918.39,0.01,0.01,0.01,498.75
216,11:00,7.87,-5.97,-3.6,868.9,0.01,0.01,0.01,498.75
216,11:10,7.62,-6.11,-3.39,819.93,0.01,0.01,0.01,498.75
216,11:20,7.12,-5.5,-2.86,759.43,0.01,0.01,0.01,498.75
216,11:30,6.99,-3.23,-2.68,713.28,0.01,0.01,0.01,498.75
216,11:40,6.94,-4.3,-2.27,704.56,0.01,0.01,0.01,498.75
216,11:50,6.73,-4.53,-2.2,698.03,0.01,0.01,0.01,498.75
216,12:00,6.83,-0.62,-2.19,705.4,0.01,0.01,0.01,498.75
216,12:10,7.25,-2.92,-1.69,785.42,0.01,0.01,0.01,498.75
216,12:20,7.21,-4.34,-2.14,759.28,0.01,0.01,0.01,498.68
216,12:30,7.28,-0.15,-1.39,830.54,0.01,0.01,0.01,495.67
216,12:40,7.46,-0.2,-1.91,879.61,0.01,0.01,0.01,498.75
216,12:50,7.61,1.95,-1.88,906.48,0.01,0.01,0.01,503.51
216,13:00,8.01,-5.09,-1.89,958.09,0.01,0.01,0.01,507.88
216,13:10,8.0,-1.05,-1.63,1002.81,0.01,0.01,0.01,504.53
216,13:20,8.57,-2.38,-1.44,1103.13,0.01,0.01,0.01,507.99
216,13:30,7.03,-1.95,-1.51,833.15,0.01,0.01,0.01,505.54
216,13:40,7.5,2.25,-1.28,875.31,0.01,0.01,0.01,499.42
216,13:50,6.8,-0.83,-0.92,742.33,0.01,0.01,0.01,505.08
216,14:00,7.07,1.82,-0.59,757.87,0.01,0.01,0.01,510.25
216,14:10,6.68,2.33,-0.34,740.45,0.01,0.01,0.01,507.99
216,14:20,7.0,2.67,-0.83,768.05,0.01,0.01,0.01,507.99
216,14:30,6.58,1.67,-0.23,678.94,0.01,0.01,0.01,507.99
216,14:40,6.07,3.19,0.02,581.27,0.01,0.01,0.01,509.97
216,14:50,5.95,-1.04,0.06,540.69,0.01,0.01,0.01,514.77
216,15:00,5.91,0.12,0.03,538.74,0.01,0.01,0.01,511.8
216,15:10,5.81,-3.43,0.01,524.42,0.01,0.01,0.01,516.48
216,15:20,5.11,1.38,0.17,467.42,0.01,0.01,0.01,516.49
216,15:30,5.14,2.79,0.17,399.44,0.01,0.01,0.01,516.49
216,15:40,4.83,0.43,0.16,347.49,0.01,0.01,0.01,516.49
216,15:50,5.15,-2.9,0.26,380.41,0.01,0.01,0.01,516.49
216,16:00,4.33,-0.18,0.13,272.66,0.01,0.01,0.01,516.49
216,16:10,4.6,-0.28,0.31,305.97,0.01,0.01,0.01,516.49
216,16:20,4.27,-2.09,0.22,256.92,0.01,0.01,0.01,516.49
216,16:30,5.21,-1.46,-0.12,375.81,0.01,0.01,0.01,516.49
216,16:40,4.93,-1.44,-0.55,334.3,0.01,0.01,0.01,516.49
216,16:50,4.17,-3.6,-0.76,243.74,0.01,0.01,0.01,516.49
216,17:00,4.2,-7.2,-0.74,212.72,0.01,0.01,0.01,516.49
216,17:10,4.53,-1.05,-0.8,257.32,0.01,0.01,0.01,508.01
216,17:20,4.35,4.89,-1.15,251.95,0.01,0.01,0.01,505.92
216,17:30,4.39,0.24,-1.32,258.0,0.01,0.01,0.01,505.92
216,17:40,4.67,3.76,-1.3,346.19,0.01,0.01,0.01,510.54
216,17:50,3.85,3.61,-1.54,263.5,0.01,0.01,0.01,520.99
216,18:00,3.19,-4.03,-1.73,153.65,0.01,0.01,0.01,527.15
216,18:10,3.54,-6.39,-1.8,166.43,0.01,0.01,0.01,519.77
216,18:20,2.91,-4.7,-2.06,118.74,0.01,0.01,0.01,516.58
216,18:30,3.25,-1.06,-2.39,142.97,0.01,0.01,0.01,516.58
216,18:40,4.27,-1.49,-2.37,241.99,0.01,0.01,0.01,516.58
216,18:50,5.4,-4.58,-2.49,364.03,0.01,0.01,0.01,516.58
216,19:00,5.48,-3.58,-2.61,377.12,0.01,0.01,0.01,516.58
216,19:10,5.4,-2.84,-2.71,386.19,0.01,0.01,0.01,516.58
216,19:20,5.39,-5.22,-2.84,371.27,0.01,0.01,0.01,516.58
216,19:30,5.17,-6.0,-2.97,351.78,0.01,0.01,0.01,509.89
216,19:40,5.3,-3.98,-3.06,372.4,0.01,0.01,0.01,507.92
216,19:50,5.02,0.9,-3.06,362.17,0.01,0.01,0.01,507.92
216,20:00,4.85,-0.29,-3.04,321.8,0.01,0.01,0.01,507.92
216,20:10,4.48,-1.38,-3.12,270.54,0.01,0.01,0.01,507.92
216,20:20,4.42,-6.04,-3.12,247.43,0.01,0.01,0.01,507.92
216,20:30,4.54,-5.02,-3.21,288.17,0.01,0.01,0.01,507.92
216,20:40,4.87,-3.33,-3.1,328.82,0.01,0.01,0.01,507.92
216,20:50,5.04,-5.18,-3.09,340.18,0.01,0.01,0.01,507.92
216,21:00,5.41,-0.76,-3.08,390.91,0.01,0.01,0.01,502.23
216,21:10,5.91,2.88,-2.81,467.34,0.01,0.01,0.01,503.11
216,21:20,6.17,-2.51,-2.88,505.15,0.01,0.01,0.01,507.94
216,21:30,6.18,-4.4,-2.97,496.09,0.01,0.01,0.01,507.94
216,21:40,6.58,-3.3,-3.03,556.45,0.01,0.01,0.01,507.94
216,21:50,6.91,-2.67,-3.09,635.18,0.01,0.01,0.01,507.94
216,22:00,7.86,-0.63,-3.3,803.22,0.01,0.01,0.01,507.94
216,22:10,8.02,-2.07,-3.31,799.63,0.01,0.01,0.01,507.94
216,22:20,8.45,-6.12,-3.3,829.28,0.01,0.01,0.01,507.94
216,22:30,8.49,-4.5,-3.36,942.0,0.01,0.01,0.01,499.74
216,22:40,8.92,-6.67,-3.13,1025.57,0.01,0.01,0.01,499.41
216,22:50,8.43,-5.77,-3.01,1010.48,0.01,0.01,0.01,499.41
216,23:00,8.91,-6.21,-3.07,976.13,0.01,0.01,0.01,499.41
216,23:10,8.65,-4.88,-3.09,1030.59,0.01,0.01,0.01,493.94
216,23:20,8.44,-0.74,-2.98,1140.85,0.01,0.01,0.01,490.76
216,23:30,8.99,0.49,-2.78,1272.39,0.01,0.01,0.01,490.76
216,23:40,8.61,0.99,-2.71,1156.05,0.01,0.01,0.01,490.76
216,23:50,8.42,1.01,-3.09,1082.14,0.05,0.05,0.05,490.76
217,0:00,8.21,0.85,-3.28,977.25,0.12,0.12,0.12,490.76
217,0:10,8.14,-1.2,-3.36,935.28,0.03,0.03,0.03,490.76
217,0:20,7.63,0.51,-3.39,852.68,0.01,0.01,0.01,490.76
217,0:30,7.81,2.72,-3.14,965.31,0.01,0.01,0.01,490.76
217,0:40,7.55,2.72,-3.19,920.81,0.03,0.03,0.03,496.3
217,0:50,8.28,2.6,-2.89,1015.42,0.05,0.05,0.05,499.4
217,1:00,6.93,0.27,-2.95,751.08,0.04,0.04,0.04,499.4
217,1:10,7.37,-4.05,-2.83,770.34,0.14,0.14,0.14,499.4
217,1:20,7.18,-5.87,-2.93,684.99,0.63,0.63,0.62,499.4
217,1:30,6.79,-0.36,-2.62,744.34,0.57,0.57,0.57,496.69
217,1:40,6.61,-4.22,-2.66,752.59,0.41,0.41,0.41,499.35
217,1:50,7.0,1.39,-2.94,864.52,0.1,0.1,0.1,499.35
217,2:00,6.95,1.15,-2.76,819.99,0.3,0.3,0.3,505.86
217,2:10,8.63,-0.09,-2.21,1225.66,0.06,0.06,0.06,507.92
217,2:20,10.01,3.64,-1.96,1399.54,0.2,0.2,0.2,507.92
217,2:30,8.66,-0.07,-2.35,1109.01,0.05,0.05,0.05,507.92
217,2:40,9.47,-1.52,-2.33,1310.35,0.27,0.27,0.27,507.92
217,2:50,9.51,-3.03,-2.09,1298.2,0.05,0.05,0.05,507.92
217,3:00,6.84,-3.86,-2.53,723.5,0.27,0.27,0.27,502.07
217,3:10,5.24,-5.09,-2.67,357.65,0.31,0.31,0.3,482.74
217,3:20,5.53,-0.23,-2.64,463.88,0.02,0.02,0.02,482.19
217,3:30,5.95,1.13,-2.6,485.01,0.03,0.03,0.02,482.19
217,3:40,5.77,-0.77,-2.64,468.27,0.03,0.02,0.02,482.19
217,3:50,5.95,1.35,-2.65,495.23,0.02,0.03,0.02,488.27
217,4:00,6.47,1.24,-2.61,624.65,0.04,0.04,0.04,490.76
217,4:10,5.76,4.2,-2.72,514.04,0.04,0.04,0.04,493.95
217,4:20,5.96,4.83,-2.53,521.63,0.74,0.74,0.74,499.41
217,4:30,5.3,4.1,-2.4,483.14,0.63,0.63,0.63,499.41
217,4:40,6.5,2.05,-2.55,721.85,0.04,0.04,0.04,506.72
217,4:50,7.66,-0.66,-2.94,926.54,0.01,0.01,0.01,507.94
217,5:00,8.03,-0.71,-3.1,941.94,0.01,0.01,0.01,507.94
217,5:10,8.7,-2.46,-2.93,1079.08,0.01,0.01,0.01,507.94
217,5:20,7.27,-2.34,-3.13,746.96,0.02,0.02,0.02,507.94
217,5:30,6.78,-3.89,-2.92,647.73,0.02,0.02,0.02,507.94
217,5:40,6.78,-3.11,-2.82,697.23,0.02,0.02,0.02,507.95
217,5:50,7.18,-3.98,-3.27,724.48,0.02,0.02,0.02,507.99
217,6:00,7.14,-2.72,-2.95,734.96,0.02,0.02,0.02,507.99
217,6:10,7.81,-2.42,-3.43,883.69,0.03,0.03,0.03,507.99
217,6:20,8.13,-3.95,-3.3,1061.61,0.02,0.03,0.02,507.99
217,6:30,8.21,-3.67,-2.93,1050.24,0.05,0.04,0.04,504.58
217,6:40,7.59,-0.73,-3.49,885.81,0.02,0.02,0.02,499.42
217,6:50,8.07,-1.87,-3.34,971.59,0.02,0.03,0.03,499.42
217,7:00,7.96,-0.89,-3.49,920.39,0.02,0.03,0.02,499.42
217,7:10,7.44,-0.47,-3.7,827.44,0.03,0.03,0.03,499.42
217,7:20,8.05,0.0,-3.62,984.22,0.15,0.15,0.15,499.42
217,7:30,9.21,1.18,-3.05,1268.7,0.33,0.33,0.33,499.42
217,7:40,8.2,0.53,-3.16,1117.24,0.14,0.14,0.14,499.42
217,7:50,8.65,2.39,-3.02,1127.09,0.14,0.14,0.14,499.42
217,8:00,7.89,3.24,-3.41,993.39,0.17,0.17,0.17,499.42
217,8:10,9.15,1.69,-2.96,1281.62,0.19,0.19,0.19,505.28
217,8:20,8.93,-0.85,-3.11,1266.01,0.14,0.14,0.14,507.94
217,8:30,9.23,-4.09,-2.85,1203.96,0.57,0.57,0.57,507.94
217,8:40,8.69,-2.4,-3.25,1137.39,0.01,0.01,0.01,500.84
217,8:50,8.49,-5.14,-3.36,1026.84,0.01,0.02,0.01,499.53
217,9:00,7.96,-4.85,-3.7,928.83,0.01,0.01,0.01,499.5
217,9:10,7.7,-5.26,-3.8,793.87,0.01,0.01,0.01,499.5
217,9:20,7.11,-5.38,-3.55,690.31,0.01,0.01,0.01,499.5
217,9:30,7.3,-4.81,-3.86,696.55,0.01,0.01,0.01,498.99
217,9:40,6.45,2.31,-3.51,624.68,0.01,0.02,0.01,494.43
217,9:50,5.84,-6.08,-3.5,503.49,0.02,0.02,0.02,499.46
217,10:00,6.02,-2.23,-3.34,618.01,0.03,0.03,0.03,490.97
217,10:10,6.66,-2.73,-4.08,748.25,0.01,0.01,0.01,490.92
217,10:20,6.86,-5.6,-3.67,664.83,0.02,0.03,0.02,490.92
217,10:30,5.92,-0.23,-3.5,540.94,0.02,0.02,0.02,484.17
217,10:40,5.57,3.23,-3.37,551.64,0.02,0.02,0.02,482.35
217,10:50,6.63,4.26,-3.06,733.65,0.02,0.02,0.02,482.35
217,11:00,7.33,5.69,-3.18,882.22,0.01,0.02,0.01,482.35
217,11:10,7.2,5.5,-3.42,881.37,0.04,0.04,0.04,482.35
217,11:20,7.33,0.41,-3.3,864.34,0.03,0.03,0.03,489.69
217,11:30,7.41,0.56,-3.37,798.62,2.39,2.39,2.39,490.92
217,11:40,8.17,-1.4,-2.09,910.51,3.47,3.47,3.47,490.94
217,11:50,8.53,-0.24,-2.46,1182.03,0.46,0.46,0.46,495.48
217,12:00,8.73,2.98,-2.42,1223.18,0.23,0.23,0.23,492.92
217,12:10,8.53,-0.33,-2.52,1153.82,0.14,0.14,0.14,499.49
217,12:20,8.24,-2.53,-2.48,1114.0,0.04,0.04,0.04,499.49
217,12:30,8.36,-2.32,-2.41,1130.86,0.02,0.03,0.02,499.49
217,12:40,8.57,-0.17,-2.21,1169.02,0.03,0.03,0.03,499.49
217,12:50,8.89,-2.21,-1.97,1235.25,0.05,0.05,0.05,499.49
217,13:00,7.89,0.02,-2.03,1105.08,0.02,0.02,0.02,499.49
217,13:10,7.3,0.11,-2.04,968.06,0.03,0.03,0.04,499.49
217,13:20,8.41,-1.03,-1.84,1092.46,0.03,0.03,0.03,499.49
217,13:30,7.9,-3.6,-1.69,964.95,0.04,0.04,0.04,499.49
217,13:40,7.42,0.43,-1.42,838.92,0.01,0.01,0.01,505.47
217,13:50,7.41,-1.33,-1.39,836.61,0.02,0.02,0.02,500.03
217,14:00,6.69,-1.69,-0.7,723.58,0.05,0.05,0.06,500.85
217,14:10,7.28,-1.57,-1.21,821.94,0.03,0.03,0.03,497.68
217,14:20,7.89,0.66,-0.41,944.72,0.03,0.03,0.03,509.75
217,14:30,8.39,-0.75,-0.63,1089.34,0.02,0.02,0.01,511.94
217,14:40,8.5,0.74,-0.55,1162.18,0.01,0.02,0.02,511.92
217,14:50,8.84,-3.51,-0.58,1144.63,0.02,0.02,0.02,511.92
217,15:00,8.01,-2.5,-0.74,966.29,0.03,0.03,0.04,511.92
217,15:10,8.59,-3.54,-0.54,1083.51,0.03,0.03,0.03,511.9
217,15:20,8.52,3.5,-0.31,1118.02,0.02,0.03,0.02,505.54
217,15:30,8.12,-1.07,-0.38,1040.39,0.02,0.04,0.03,511.92
217,15:40,8.52,-1.5,-0.31,1089.89,0.02,0.04,0.03,511.92
217,15:50,8.37,-1.68,-0.29,1068.44,0.02,0.04,0.03,511.92
217,16:00,8.04,-0.08,-0.29,1082.15,0.02,0.04,0.03,511.92
217,16:10,8.17,-2.35,-0.15,1134.07,0.02,0.03,0.02,511.92
217,16:20,7.92,-1.06,-0.27,1070.32,0.01,0.01,0.01,511.92
217,16:30,7.81,1.42,-0.27,931.71,0.01,0.01,0.01,505.29
217,16:40,7.75,0.76,0.09,906.85,0.01,0.01,0.01,513.97
217,16:50,8.12,0.48,-0.04,995.05,0.01,0.01,0.01,511.49
217,17:00,7.87,0.7,-0.42,906.05,0.01,0.01,0.01,518.44
217,17:10,8.05,-1.45,-0.62,933.7,0.01,0.01,0.01,519.23
217,17:20,7.02,-3.77,-0.49,738.0,0.01,0.01,0.01,519.23
217,17:30,6.58,-3.21,-0.34,656.27,0.01,0.01,0.01,519.23
217,17:40,7.45,-1.43,-0.82,762.43,0.01,0.01,0.01,519.23
217,17:50,7.04,-4.81,-1.11,694.46,0.01,0.01,0.01,517.71
217,18:00,5.88,2.47,-1.13,600.49,0.01,0.01,0.01,510.67
217,18:10,5.82,2.2,-1.16,573.99,0.01,0.01,0.01,510.67
217,18:20,6.14,-0.94,-1.25,533.17,0.01,0.01,0.01,510.67
217,18:30,6.12,-2.14,-1.39,514.34,0.01,0.01,0.01,510.67
217,18:40,6.54,-4.01,-1.62,564.43,0.01,0.01,0.01,510.67
217,18:50,7.1,-5.44,-1.83,664.51,0.01,0.01,0.01,510.4
217,19:00,7.38,-0.53,-1.92,783.95,0.01,0.01,0.01,502.16
217,19:10,7.23,0.09,-2.56,731.14,0.01,0.01,0.01,502.16
217,19:20,7.01,0.42,-2.29,705.34,0.01,0.01,0.01,502.16
217,19:30,7.82,2.32,-2.75,839.19,0.01,0.01,0.01,502.16
217,19:40,8.2,-1.92,-2.79,915.58,0.01,0.01,0.01,502.16
217,19:50,8.19,-6.71,-2.96,880.93,0.01,0.01,0.01,502.16
217,20:00,8.46,-5.16,-2.82,949.27,0.01,0.01,0.01,498.09
217,20:10,7.59,-4.14,-3.04,888.94,0.01,0.01,0.01,493.58
217,20:20,8.22,-4.88,-3.2,910.93,0.01,0.01,0.01,493.58
217,20:30,8.21,-5.53,-3.28,913.83,0.01,0.01,0.01,493.58
217,20:40,8.64,-7.08,-3.23,1002.52,0.01,0.01,0.01,493.58
217,20:50,8.96,-5.96,-3.14,1094.49,0.01,0.01,0.01,493.58
217,21:00,8.69,-6.75,-3.21,1007.85,0.01,0.01,0.01,493.58
217,21:10,8.75,-6.35,-3.42,1034.97,0.01,0.01,0.01,493.58
217,21:20,8.77,-5.71,-3.49,1055.11,0.01,0.01,0.01,493.58
217,21:30,8.17,-5.59,-3.51,1025.84,0.01,0.01,0.01,493.58
217,21:40,8.38,-6.23,-3.34,1066.97,0.01,0.01,0.01,493.58
217,21:50,8.61,-7.38,-3.31,982.5,0.01,0.01,0.01,493.58
217,22:00,8.44,-7.09,-3.6,937.06,0.01,0.01,0.01,493.58
217,22:10,8.83,-6.12,-3.5,1064.39,0.01,0.01,0.01,493.58
217,22:20,9.11,-5.69,-3.4,1166.22,0.01,0.01,0.01,493.58
217,22:30,8.69,-4.25,-3.63,1063.16,0.01,0.01,0.01,493.58
217,22:40,8.59,-3.78,-3.7,1032.14,0.01,0.01,0.01,493.58
217,22:50,8.96,-2.54,-3.54,1163.78,0.01,0.01,0.01,493.58
217,23:00,8.76,-4.05,-3.57,1118.84,0.01,0.01,0.01,493.58
217,23:10,8.22,-4.29,-3.82,949.48,0.01,0.01,0.01,493.58
217,23:20,7.86,-4.63,-3.92,840.96,0.01,0.01,0.01,493.58
217,23:30,7.87,-6.42,-4.06,834.91,0.01,0.01,0.01,493.58
217,23:40,7.89,-6.57,-4.01,827.4,0.01,0.01,0.01,493.58
217,23:50,7.41,-6.1,-3.85,757.93,0.01,0.01,0.01,493.58
218,0:00,7.2,-6.63,-3.94,720.6,0.01,0.01,0.01,491.57
218,0:10,6.83,-0.06,-3.97,803.03,0.01,0.01,0.01,484.99
218,0:20,7.19,3.04,-4.3,819.23,0.01,0.01,0.01,484.99
218,0:30,7.4,6.44,-4.32,840.75,0.01,0.01,0.01,484.99
218,0:40,7.4,5.76,-4.29,845.62,0.01,0.01,0.01,484.99
218,0:50,7.43,5.93,-4.33,845.28,0.01,0.01,0.01,484.99
218,1:00,7.51,6.61,-4.35,877.2,0.01,0.01,0.01,484.99
218,1:10,7.81,1.56,-4.27,943.17,0.01,0.01,0.01,491.37
218,1:20,7.51,-0.32,-4.47,840.21,0.01,0.01,0.01,493.58
218,1:30,7.52,-0.39,-4.54,826.77,0.01,0.01,0.01,493.58
218,1:40,7.57,-0.24,-4.52,847.86,0.01,0.01,0.01,493.58
218,1:50,7.61,-0.44,-4.56,824.66,0.01,0.01,0.01,493.58
218,2:00,7.23,-4.55,-4.23,766.16,0.01,0.01,0.01,493.58
218,2:10,6.73,-1.01,-4.28,713.6,0.01,0.01,0.01,485.15
218,2:20,6.91,0.76,-4.39,711.43,0.01,0.01,0.01,484.99
218,2:30,6.66,-0.94,-4.18,667.18,0.01,0.01,0.01,484.99
218,2:40,6.44,-1.37,-4.17,605.53,0.01,0.01,0.01,484.99
218,2:50,6.58,-1.7,-4.17,661.49,0.01,0.01,0.01,484.99
218,3:00,7.09,-0.77,-4.6,737.82,0.01,0.01,0.01,484.99
218,3:10,7.0,-2.21,-4.23,733.87,0.01,0.01,0.01,484.99
218,3:20,7.03,-1.25,-4.59,726.08,0.01,0.01,0.01,484.99
218,3:30,7.04,-1.45,-4.34,683.13,0.01,0.01,0.01,484.99
218,3:40,6.37,-0.06,-4.28,595.98,0.01,0.01,0.01,484.99
218,3:50,6.02,1.84,-4.26,514.38,0.01,0.01,0.01,484.99
218,4:00,5.89,2.9,-4.15,506.52,0.01,0.01,0.01,487.81
218,4:10,6.22,-4.47,-4.17,529.17,0.01,0.01,0.01,493.58
218,4:20,6.37,-3.92,-4.21,617.37,0.01,0.01,0.01,493.58
218,4:30,6.53,-1.97,-4.37,668.46,0.01,0.01,0.01,493.58
218,4:40,7.09,2.88,-4.43,733.87,0.01,0.01,0.01,497.08
218,4:50,7.19,-1.5,-4.68,742.86,0.01,0.01,0.01,502.14
218,5:00,6.99,-3.21,-4.32,661.46,0.01,0.01,0.01,502.14
218,5:10,6.66,-5.76,-4.35,563.74,0.01,0.01,0.01,502.14
218,5:20,6.21,-4.62,-4.35,533.92,0.01,0.01,0.01,502.14
218,5:30,5.87,-2.62,-4.29,449.81,0.01,0.01,0.01,502.14
218,5:40,5.49,-0.27,-4.27,384.48,0.01,0.01,0.01,502.14
218,5:50,5.32,-0.47,-4.38,342.31,0.01,0.01,0.01,502.14
218,6:00,5.3,4.23,-4.4,330.92,0.01,0.01,0.01,502.14
218,6:10,5.67,-1.29,-4.44,394.26,0.01,0.01,0.01,510.26
218,6:20,6.19,-4.14,-4.52,471.65,0.01,0.01,0.01,510.69
218,6:30,6.1,-3.74,-4.59,474.63,0.01,0.01,0.01,510.69
218,6:40,5.62,-3.6,-4.63,436.44,0.01,0.01,0.01,510.69
218,6:50,5.35,-3.97,-4.76,387.01,0.01,0.01,0.01,510.69
218,7:00,5.45,-6.34,-4.84,363.37,0.01,0.01,0.01,508.71
218,7:10,5.24,-0.43,-4.94,393.81,0.01,0.01,0.01,502.16
218,7:20,5.8,-1.95,-4.87,467.98,0.01,0.01,0.01,502.16
218,7:30,6.47,-4.62,-4.8,562.12,0.01,0.01,0.01,502.16
218,7:40,6.47,-4.39,-4.85,603.77,0.01,0.01,0.01,502.16
218,7:50,6.54,-4.62,-4.92,579.45,0.01,0.01,0.01,502.16
218,8:00,6.02,-1.99,-4.92,527.78,0.01,0.01,0.01,502.16
218,8:10,5.8,1.97,-4.94,502.48,0.01,0.01,0.01,502.16
218,8:20,5.91,2.18,-4.96,466.12,0.01,0.01,0.01,502.16
218,8:30,5.59,-0.97,-5.03,437.98,0.01,0.01,0.01,502.16
218,8:40,5.86,-2.99,-5.1,475.52,0.01,0.01,0.01,502.16
218,8:50,5.21,-5.03,-5.08,378.86,0.01,0.01,0.01,497.15
218,9:00,4.26,-4.98,-5.05,268.87,0.01,0.01,0.01,493.58
218,9:10,4.52,-4.74,-4.93,259.8,0.01,0.01,0.01,493.58
218,9:20,4.91,-2.38,-4.77,315.45,0.01,0.01,0.01,493.58
218,9:30,5.56,3.91,-4.7,381.43,0.01,0.01,0.01,496.73
218,9:40,5.8,4.46,-4.5,413.23,0.01,0.01,0.01,504.9
218,9:50,6.06,-6.62,-4.59,417.7,0.01,0.01,0.01,510.69
218,10:00,5.63,-2.11,-4.64,396.36,0.01,0.01,0.01,503.61
218,10:10,5.35,-5.01,-4.81,357.8,0.01,0.01,0.01,502.16
218,10:20,5.35,-6.43,-5.02,353.93,0.01,0.01,0.01,502.09
218,10:30,5.27,3.91,-5.11,365.67,0.01,0.01,0.01,493.63
218,10:40,5.21,-1.22,-4.97,360.43,0.01,0.01,0.01,500.48
218,10:50,4.22,-5.88,-5.16,224.46,0.01,0.01,0.01,496.45
218,11:00,3.64,-6.54,-5.01,185.9,0.01,0.01,0.01,489.68
218,11:10,3.82,0.06,-4.63,203.2,0.01,0.01,0.01,480.99
218,11:20,3.69,4.25,-3.88,183.09,0.01,0.01,0.01,483.03
218,11:30,3.63,-0.78,-3.37,170.83,0.01,0.01,0.01,491.58
218,11:40,3.65,2.74,-2.76,204.91,0.01,0.01,0.01,491.58
218,11:50,4.13,-1.01,-2.7,228.19,0.01,0.01,0.01,499.13
218,12:00,4.99,-5.91,-2.47,344.41,0.01,0.01,0.01,502.16
218,12:10,4.98,-4.13,-2.34,352.09,0.01,0.01,0.01,502.16
218,12:20,5.13,-2.32,-2.11,360.93,0.01,0.01,0.01,502.16
218,12:30,4.39,-1.09,-1.93,275.17,0.01,0.01,0.01,502.16
218,12:40,4.39,-4.99,-1.8,252.75,0.01,0.01,0.01,501.64
218,12:50,4.26,3.28,-1.53,243.34,0.01,0.01,0.01,493.67
218,13:00,4.01,-3.22,-0.99,218.02,0.01,0.01,0.01,502.14
218,13:10,4.87,-0.98,-0.84,313.57,0.01,0.01,0.01,495.39
218,13:20,4.29,-0.34,-0.55,259.34,0.01,0.01,0.01,498.2
218,13:30,4.15,-1.6,-0.59,217.55,0.01,0.01,0.01,495.86
218,13:40,3.63,-1.4,-0.03,209.3,0.01,0.01,0.01,491.44
218,13:50,3.62,-0.05,0.32,184.8,0.01,0.01,0.01,499.97
218,14:00,3.68,3.45,0.72,172.13,0.01,0.01,0.01,502.08
218,14:10,3.7,3.58,0.99,154.49,0.01,0.01,0.01,502.08
218,14:20,3.2,0.42,1.14,135.14,0.01,0.01,0.01,502.08
218,14:30,3.75,5.25,1.62,152.75,0.01,0.01,0.01,509.18
218,14:40,2.83,-4.47,1.98,85.03,0.01,0.01,0.01,512.67
218,14:50,2.92,-3.53,1.55,91.02,0.01,0.01,0.01,503.2
218,15:00,2.45,1.87,1.68,58.72,0.01,0.01,0.01,500.16
218,15:10,2.48,-1.19,1.72,58.84,0.01,0.01,0.01,500.16
218,15:20,2.0,-0.56,1.55,34.76,0.01,0.01,0.01,500.16
218,15:30,1.77,7.55,1.9,27.83,0.01,0.01,0.01,506.85
218,15:40,1.9,3.11,2.46,45.22,0.01,0.01,0.01,512.73
218,15:50,2.01,3.2,2.88,37.41,0.01,0.01,0.01,515.81
218,16:00,1.9,-1.43,2.4,31.18,0.01,0.01,0.01,515.62
218,16:10,2.0,2.13,3.07,21.65,0.01,0.01,0.01,512.73
218,16:20,1.8,5.19,3.24,10.45,0.01,0.01,0.01,512.73
218,16:30,1.84,-0.91,3.16,11.55,0.01,0.01,0.01,512.73
218,16:40,1.8,3.36,2.79,14.93,0.01,0.01,0.01,512.73
218,16:50,1.83,6.47,3.36,17.88,0.01,0.01,0.01,512.73
218,17:00,1.59,6.0,3.4,5.27,0.01,0.01,0.01,512.73
218,17:10,1.51,3.37,2.86,-1.17,0.08,0.08,0.08,512.73
218,17:20,1.23,5.01,3.05,-0.3,9.61,9.62,9.62,512.73
218,17:30,1.68,7.01,3.05,-0.3,86.22,86.31,86.11,512.73
218,17:40,1.82,21.13,2.57,-0.3,90.17,90.27,90.05,512.73
218,17:50,2.6,28.09,2.19,-0.3,90.17,90.27,90.05,512.21
218,18:00,3.63,59.21,2.25,-0.3,90.17,90.27,90.05,400.74
218,18:10,3.46,-43.33,1.69,15.4,67.3,67.37,67.22,213.13
218,18:20,2.92,-1.86,1.23,120.0,0.01,0.01,0.01,180.82
218,18:30,2.76,-5.93,0.96,112.35,0.01,0.01,0.01,182.02
218,18:40,3.37,-4.96,0.78,155.93,0.01,0.01,0.01,182.02
218,18:50,3.79,-5.96,0.14,164.24,0.01,0.01,0.01,174.13
218,19:00,3.95,-4.1,-0.05,180.44,0.01,0.01,0.01,171.42
218,19:10,4.14,-1.84,-0.41,211.95,0.01,0.01,0.01,171.42
218,19:20,4.39,-5.56,-0.59,233.63,0.01,0.01,0.01,171.42
218,19:30,4.76,-4.21,-0.74,276.9,0.01,0.01,0.01,171.42
218,19:40,4.49,-3.33,-1.06,251.52,0.01,0.01,0.01,163.95
218,19:50,3.99,-2.76,-1.3,203.29,0.01,0.01,0.01,160.91
218,20:00,3.86,-6.59,-1.3,189.14,0.01,0.01,0.01,160.91
218,20:10,3.72,-7.26,-1.68,162.69,0.01,0.01,0.01,160.91
218,20:20,3.63,-6.94,-1.68,172.17,0.01,0.01,0.01,154.86
218,20:30,2.93,-5.39,-1.84,135.06,0.01,0.01,0.01,147.04
218,20:40,2.41,-1.04,-1.24,112.43,0.01,0.01,0.01,139.72
218,20:50,2.87,0.47,-0.94,124.57,0.01,0.01,0.01,139.72
218,21:00,3.27,-4.2,-1.72,157.48,0.01,0.01,0.01,139.72
218,21:10,3.19,-4.53,-1.58,141.5,0.01,0.01,0.01,139.72
218,21:20,3.36,-2.12,-1.81,166.55,0.01,0.01,0.01,139.72
218,21:30,3.76,-3.59,-1.81,185.73,0.01,0.01,0.01,139.72
218,21:40,3.59,-3.09,-1.87,174.93,0.01,0.01,0.01,139.72
218,21:50,3.49,-0.55,-1.95,150.39,0.01,0.01,0.01,139.72
218,22:00,3.17,-4.53,-1.7,132.72,0.01,0.01,0.01,139.72
218,22:10,3.16,-5.46,-1.77,135.69,0.01,0.01,0.01,139.72
218,22:20,3.05,-6.33,-1.79,124.41,0.01,0.01,0.01,139.72
218,22:30,3.35,-6.82,-1.62,137.13,0.01,0.01,0.01,136.81
218,22:40,3.36,0.02,-1.9,143.95,0.01,0.01,0.01,129.15
218,22:50,3.39,0.05,-1.58,149.64,0.01,0.01,0.01,129.15
218,23:00,3.29,-0.14,-1.71,156.43,0.01,0.01,0.01,129.15
218,23:10,3.39,-2.9,-1.55,147.05,0.01,0.01,0.01,129.15
218,23:20,3.39,-5.92,-1.86,164.04,0.01,0.01,0.01,129.15
218,23:30,3.76,-1.83,-1.86,191.1,0.01,0.01,0.01,129.15
218,23:40,3.54,3.0,-1.72,182.15,0.01,0.01,0.01,129.15
218,23:50,3.78,2.97,-2.06,170.42,0.01,0.01,0.01,129.15
219,0:00,3.77,4.66,-1.62,164.61,0.01,0.01,0.01,133.27
219,0:10,3.27,-2.65,-1.95,143.56,0.01,0.01,0.01,139.72
219,0:20,2.74,-1.88,-1.41,104.93,0.01,0.01,0.01,139.72
219,0:30,2.38,-6.05,-1.7,81.53,0.01,0.01,0.01,139.72
219,0:40,2.57,-8.59,-1.6,89.06,0.01,0.01,0.01,139.72
219,0:50,2.88,0.17,-1.36,101.94,0.01,0.01,0.01,139.72
219,1:00,2.92,1.5,-1.78,113.13,0.01,0.01,0.01,139.72
219,1:10,2.68,-0.74,-1.38,92.19,0.01,0.01,0.01,139.72
219,1:20,3.03,0.4,-2.0,101.78,0.01,0.01,0.01,148.32
219,1:30,3.49,-4.41,-1.71,143.45,0.01,0.01,0.01,152.29
219,1:40,3.02,-2.08,-2.16,127.41,0.01,0.01,0.01,152.29
219,1:50,2.88,-3.16,-1.83,123.6,0.01,0.01,0.01,152.29
219,2:00,2.82,-7.6,-2.24,110.96,0.01,0.01,0.01,152.29
219,2:10,2.56,-5.17,-1.93,120.69,0.01,0.01,0.01,152.29
219,2:20,2.97,-2.85,-2.19,142.91,0.01,0.01,0.01,152.29
219,2:30,2.91,-3.02,-2.09,131.09,0.01,0.01,0.01,152.29
219,2:40,3.07,-3.66,-2.33,136.23,0.01,0.01,0.01,152.29
219,2:50,3.03,-5.64,-2.3,135.83,0.01,0.01,0.01,152.29
219,3:00,2.82,-2.89,-2.42,110.07,0.01,0.01,0.01,152.29
219,3:10,2.27,-7.36,-2.35,89.85,0.01,0.01,0.01,152.29
219,3:20,2.15,-5.47,-1.96,75.01,0.01,0.01,0.01,152.29
219,3:30,2.18,-8.83,-2.39,52.7,0.01,0.01,0.01,152.29
219,3:40,1.92,-10.48,-2.14,48.91,0.01,0.01,0.01,152.29
219,3:50,2.07,-9.47,-1.9,56.88,0.01,0.01,0.01,152.29
219,4:00,2.32,-2.85,-2.35,66.12,0.01,0.01,0.01,152.29
219,4:10,2.03,0.44,-1.97,53.0,0.01,0.01,0.01,152.29
219,4:20,1.78,3.84,-1.47,42.67,0.01,0.01,0.01,155.94
219,4:30,1.41,1.34,-1.74,14.14,0.01,0.01,0.01,164.85
219,4:40,1.22,-2.69,-1.31,4.19,0.01,0.01,0.01,164.85
219,4:50,1.1,-2.46,-0.98,-4.99,0.01,0.01,0.01,164.85
219,5:00,0.96,-4.45,-1.2,-0.3,13.19,13.15,13.19,156.19
219,5:10,0.97,5.9,-2.1,-0.3,90.17,89.83,90.17,152.29
219,5:20,1.18,7.68,-2.08,-0.3,90.17,89.83,90.17,152.29
219,5:30,1.64,18.25,-2.6,-0.3,90.17,89.83,90.17,152.29
219,5:40,1.68,16.41,-2.99,-0.3,90.17,89.83,90.17,152.29
219,5:50,1.52,23.81,-3.1,-0.3,90.17,89.83,90.17,152.29
219,6:00,1.54,27.99,-3.29,-0.3,90.17,89.83,90.17,152.29
219,6:10,1.72,22.21,-3.57,-0.3,90.17,89.83,90.17,152.29
219,6:20,1.82,18.4,-3.85,-0.3,90.17,89.83,90.17,152.29
219,6:30,1.89,12.92,-4.0,-0.3,90.17,89.83,90.17,152.29
219,6:40,2.02,14.45,-4.03,-0.3,90.17,89.83,90.17,152.29
219,6:50,2.68,11.07,-3.9,-0.3,86.81,86.52,86.81,152.29
219,7:00,2.06,4.27,-3.53,-0.3,8.53,8.53,8.53,152.29
219,7:10,2.44,6.59,-3.25,-0.3,41.7,41.71,41.7,152.29
219,7:20,1.45,5.42,-2.74,-0.3,52.15,52.16,52.11,163.61
219,7:30,1.84,6.07,-3.12,-0.3,90.18,90.2,90.1,164.91
219,7:40,1.74,5.97,-3.27,-0.3,90.18,90.2,90.1,164.91
219,7:50,2.47,7.07,-3.44,-0.3,90.18,90.2,90.1,164.91
219,8:00,2.46,8.77,-3.67,-0.3,53.15,53.16,53.11,168.0
219,8:10,2.41,-3.02,-3.12,-0.3,40.41,40.43,40.43,177.38
219,8:20,1.87,-0.77,-3.2,-0.3,7.53,7.53,7.53,171.73
219,8:30,2.56,-11.28,-3.52,-0.3,89.9,89.87,89.94,177.47
219,8:40,2.47,-6.55,-4.06,-0.3,90.14,90.11,90.18,177.47
219,8:50,1.71,-7.25,-3.96,-0.3,90.14,90.11,90.18,177.47
219,9:00,1.26,-10.68,-3.75,-0.3,90.14,90.11,90.18,177.47
219,9:10,0.91,-8.95,-3.61,-0.3,90.14,90.11,90.18,177.47
219,9:20,0.92,-18.31,-3.34,-0.3,90.14,90.11,90.18,177.47
219,9:30,0.77,-3.9,-3.3,-0.3,90.14,90.11,90.18,177.47
219,9:40,0.41,4.15,-3.37,-0.3,90.14,90.11,90.18,177.47
219,9:50,0.49,27.99,-3.3,-0.3,90.14,90.11,90.18,177.47
219,10:00,0.7,47.11,-3.04,-0.3,90.14,90.11,90.18,177.47
219,10:10,1.02,30.37,-3.0,-0.3,90.14,90.11,90.18,177.47
219,10:20,1.19,21.74,-3.0,-0.3,90.14,90.11,90.18,177.47
219,10:30,0.85,20.77,-2.94,-0.3,90.14,90.11,90.18,177.47
219,10:40,0.71,22.26,-2.73,-0.3,90.14,90.11,90.18,177.47
219,10:50,1.08,2.04,-2.73,-0.3,90.14,90.11,90.18,177.47
219,11:00,0.49,-8.01,-2.87,-0.3,90.14,90.11,90.18,177.47
219,11:10,0.45,-36.97,-2.63,-0.3,90.14,90.11,90.18,177.47
219,11:20,0.18,-32.53,-2.34,-0.3,90.14,90.11,90.18,177.47
219,11:30,0.31,-96.96,-1.93,-0.3,90.14,90.11,90.18,177.47
219,11:40,0.59,-96.89,-1.42,-0.3,90.14,90.11,90.18,177.47
219,11:50,0.79,-59.29,-1.07,-0.3,90.14,90.11,90.18,177.47
219,12:00,0.95,-42.41,-0.54,-0.3,90.14,90.11,90.18,177.47
219,12:10,0.77,21.08,-0.27,-0.3,90.14,90.11,90.18,177.47
219,12:20,1.4,60.17,0.22,-0.3,90.14,90.11,90.18,177.47
219,12:30,1.83,152.42,0.76,-0.3,90.14,90.11,90.18,177.47
219,12:40,2.03,139.22,1.17,-0.3,90.14,90.11,90.18,177.47
219,12:50,2.74,128.2,1.55,-0.3,90.14,90.11,90.18,187.94
219,13:00,3.24,18.02,1.83,29.53,46.39,46.39,46.4,312.47
219,13:10,3.82,-4.52,2.46,167.95,0.01,0.01,0.01,324.05
219,13:20,3.53,-0.21,3.24,153.05,0.01,0.01,0.01,319.91
219,13:30,4.32,2.25,3.82,122.98,23.51,23.53,23.53,319.91
219,13:40,5.22,1.81,3.7,-0.3,90.13,90.18,90.17,319.91
219,13:50,4.92,-1.53,3.68,-0.3,90.13,90.18,90.17,319.91
219,14:00,4.7,-5.77,3.96,-0.3,88.83,88.87,88.86,319.91
219,14:10,4.77,0.17,4.56,240.84,1.57,1.57,1.57,316.44
219,14:20,4.69,-1.64,5.36,284.41,0.19,0.19,0.19,319.91
219,14:30,5.05,-5.57,5.58,297.45,0.01,0.01,0.01,319.09
219,14:40,3.99,1.1,5.89,215.23,0.04,0.04,0.04,310.65
219,14:50,4.93,-0.62,6.23,376.38,0.02,0.02,0.02,321.3
219,15:00,4.02,3.07,6.54,251.52,0.03,0.03,0.03,321.3
219,15:10,4.5,-2.15,6.08,254.23,0.04,0.04,0.04,321.3
219,15:20,4.49,2.26,6.49,239.72,0.05,0.04,0.04,315.8
219,15:30,4.02,-2.57,5.95,201.73,0.05,0.04,0.04,321.3
219,15:40,4.36,-0.97,6.25,234.65,0.05,0.04,0.04,317.54
219,15:50,4.37,3.05,6.52,242.19,0.05,0.04,0.04,310.73
219,16:00,3.62,-0.83,6.14,185.3,0.05,0.04,0.04,310.73
219,16:10,4.35,-1.01,6.64,190.79,1.84,1.83,1.84,318.54
219,16:20,4.02,-0.39,6.14,186.88,0.01,0.01,0.01,318.11
219,16:30,3.59,-2.93,6.44,152.26,0.01,0.01,0.01,310.82
219,16:40,4.0,-2.11,6.23,213.42,0.01,0.01,0.01,310.41
219,16:50,3.65,-0.2,5.88,206.32,0.01,0.01,0.01,300.2
219,17:00,3.62,-2.67,6.08,186.84,0.01,0.01,0.01,297.85
219,17:10,4.19,5.97,5.66,224.38,0.01,0.01,0.01,289.61
219,17:20,3.94,2.85,5.44,233.81,0.01,0.01,0.01,289.61
219,17:30,3.99,5.01,5.48,238.24,0.01,0.01,0.01,290.92
219,17:40,4.36,-3.86,5.24,248.48,0.01,0.01,0.01,300.23
219,17:50,4.07,-5.07,4.89,220.33,0.3,0.3,0.3,300.23
219,18:00,4.46,-0.25,4.79,244.01,0.99,0.99,0.99,300.23
219,18:10,3.66,0.0,4.82,188.8,0.1,0.1,0.1,300.23
219,18:20,3.16,4.35,4.37,141.99,0.02,0.02,0.02,300.23
219,18:30,4.31,0.15,4.44,217.13,0.41,0.41,0.41,300.23
219,18:40,3.55,3.6,4.37,172.43,0.56,0.55,0.56,301.53
219,18:50,3.61,2.2,4.57,150.74,1.79,1.79,1.79,310.83
219,19:00,4.14,5.17,4.05,226.73,0.55,0.55,0.54,310.83
219,19:10,3.66,-0.55,3.74,160.7,0.01,0.01,0.01,320.8
219,19:20,3.31,-1.45,4.0,136.39,0.02,0.02,0.02,321.44
219,19:30,3.35,2.55,3.6,122.13,0.02,0.02,0.02,321.44
219,19:40,2.85,1.03,3.97,86.85,0.02,0.02,0.02,321.44
219,19:50,2.48,1.62,4.1,57.23,0.02,0.02,0.02,321.44
219,20:00,1.9,1.35,3.4,30.51,0.02,0.02,0.02,321.44
219,20:10,2.02,-1.88,3.8,33.52,0.02,0.02,0.02,321.44
219,20:20,2.31,-2.39,3.91,48.89,0.02,0.02,0.02,321.44
219,20:30,2.19,0.25,3.47,38.35,0.02,0.02,0.02,321.44
219,20:40,2.51,-3.1,3.38,45.93,0.02,0.02,0.02,321.44
219,20:50,1.61,-2.03,3.72,3.27,0.02,0.02,0.02,312.05
219,21:00,2.07,-2.71,3.61,43.71,0.02,0.02,0.02,308.86
219,21:10,2.88,-0.58,3.01,94.4,0.02,0.02,0.02,308.86
219,21:20,3.0,4.58,3.53,103.86,0.02,0.02,0.02,311.49
219,21:30,3.63,-3.69,2.78,170.21,0.02,0.02,0.02,320.45
219,21:40,3.38,-3.61,2.46,151.53,0.02,0.02,0.02,320.45
219,21:50,2.56,-0.24,2.68,44.96,0.02,0.02,0.02,320.45
219,22:00,1.46,6.75,3.0,-1.46,0.02,0.01,0.02,326.36
219,22:10,1.53,9.6,2.55,-0.3,79.18,79.18,79.19,332.97
219,22:20,1.63,14.57,1.77,-0.3,90.17,90.17,90.17,332.97
219,22:30,2.01,9.19,1.42,-0.3,90.17,90.17,90.17,332.97
219,22:40,1.94,14.09,1.16,-0.3,90.17,90.17,90.17,332.97
219,22:50,1.71,18.61,0.96,-0.3,90.17,90.17,90.17,332.97
219,23:00,1.73,33.41,0.88,-0.3,90.17,90.17,90.17,332.97
219,23:10,1.66,36.08,0.8,-0.3,90.17,90.17,90.17,332.97
219,23:20,1.69,39.96,0.84,-0.3,90.17,90.17,90.17,332.97
219,23:30,1.9,43.32,0.93,-0.3,90.17,90.17,90.17,332.97
219,23:40,1.68,38.46,0.71,-0.3,90.17,90.17,90.17,332.97
219,23:50,1.57,36.28,0.69,-0.3,90.17,90.17,90.17,332.97
220,0:00,,,,,,,,
220,0:10,1.46,35.79,0.48,-0.3,90.17,90.17,90.17,332.97
220,0:20,1.69,34.43,0.49,-0.3,90.17,90.17,90.17,332.97
220,0:30,1.65,36.62,0.56,-0.3,90.17,90.17,90.17,332.97
220,0:40,1.5,36.35,0.7,-0.3,90.17,90.17,90.17,332.97
220,0:50,1.42,30.6,0.7,-0.3,90.17,90.17,90.17,332.97
220,1:00,1.5,20.98,0.63,-0.3,90.17,90.17,90.17,332.97
220,1:10,1.49,36.69,0.7,-0.3,90.17,90.17,90.17,332.97
220,1:20,1.27,11.81,0.69,-0.3,90.17,90.17,90.17,332.97
220,1:30,0.92,-25.73,0.46,-0.3,90.17,90.17,90.17,332.97
220,1:40,0.95,-57.91,0.41,-0.3,90.17,90.17,90.17,332.97
220,1:50,0.7,-62.48,0.14,-0.3,90.17,90.17,90.17,332.97
220,2:00,0.99,-82.21,-0.12,-0.3,90.17,90.17,90.17,332.97
220,2:10,1.3,-96.99,-0.03,-0.3,90.17,90.17,90.17,332.97
220,2:20,1.38,-102.88,0.31,-0.3,90.17,90.17,90.17,332.97
220,2:30,1.56,-121.86,0.36,-0.3,90.17,90.17,90.17,332.97
220,2:40,1.51,-121.3,0.26,-0.3,90.17,90.17,90.17,332.97
220,2:50,1.63,-123.63,0.23,-0.3,90.17,90.17,90.17,332.97
220,3:00,1.9,-131.48,0.15,-0.3,90.17,90.17,90.17,332.97
220,3:10,2.64,-146.05,0.15,-0.3,90.17,90.17,90.17,332.97
220,3:20,2.22,-85.7,-0.05,-0.3,90.17,90.17,90.17,251.31
220,3:30,2.25,-53.93,-0.56,-0.3,90.17,90.17,90.17,215.95
220,3:40,2.04,-60.18,-0.69,-0.3,90.17,90.17,90.17,215.95
220,3:50,1.95,-65.37,-0.69,-0.3,90.17,90.17,90.17,215.95
220,4:00,1.91,-69.99,-0.82,-0.3,90.17,90.17,90.17,215.95
220,4:10,2.01,-77.41,-0.78,-0.3,90.17,90.17,90.17,215.95
220,4:20,2.74,-54.79,-0.51,-0.3,89.5,89.5,89.5,189.43
220,4:30,2.19,9.16,-0.93,-0.3,85.0,84.93,85.0,128.95
220,4:40,,,,,,,,
220,4:50,1.69,21.53,-1.28,-0.3,90.17,90.02,90.17,131.98
220,5:00,1.63,20.28,-1.3,-0.3,90.17,90.02,90.17,131.98
220,5:10,1.46,28.64,-1.3,-0.3,90.17,90.02,90.17,131.98
220,5:20,1.46,41.14,-1.22,-0.3,90.17,90.02,90.17,131.98
220,5:30,1.59,46.64,-1.04,-0.3,90.17,90.02,90.17,131.98
220,5:40,1.53,39.89,-1.29,-0.3,90.17,90.02,90.17,131.98
220,5:50,1.42,38.21,-1.5,-0.3,90.17,90.02,90.17,131.98
220,6:00,1.72,21.9,-1.57,-0.3,90.17,90.02,90.17,131.98
220,6:10,1.82,15.83,-1.79,-0.3,90.17,90.02,90.17,131.98
220,6:20,2.54,10.99,-1.73,-0.3,90.17,90.02,90.17,131.98
220,6:30,2.34,4.09,-1.57,-0.3,90.17,90.02,90.17,131.98
220,6:40,2.12,-4.85,-1.33,-0.3,90.17,90.02,90.17,131.98
220,6:50,2.35,-7.72,-1.34,-0.3,90.17,90.02,90.17,131.98
220,7:00,2.12,-10.89,-1.37,-0.3,90.17,90.02,90.17,131.98
220,7:10,1.99,-10.28,-1.47,-0.3,90.17,90.02,90.17,131.98
220,7:20,1.9,-10.08,-1.5,-0.3,90.17,90.02,90.17,131.98
220,7:30,2.2,-10.8,-1.5,-0.3,90.17,90.02,90.17,131.98
220,7:40,2.96,-3.46,-1.45,28.07,48.41,48.34,48.4,123.38
220,7:50,2.76,2.16,-0.95,118.08,0.01,0.01,0.01,123.52
220,8:00,3.07,0.64,-0.73,138.5,0.01,0.01,0.01,131.15
220,8:10,2.56,4.2,-0.63,94.05,0.01,0.01,0.01,141.79
220,8:20,2.0,-1.89,-0.59,50.03,0.01,0.01,0.01,151.91
220,8:30,2.71,-10.62,-0.69,101.04,0.01,0.01,0.01,151.91
220,8:40,2.52,-8.81,-0.57,127.61,0.01,0.01,0.01,151.91
220,8:50,3.62,-7.76,-0.42,179.79,0.01,0.01,0.01,151.91
220,9:00,4.08,-6.4,-0.4,206.75,0.01,0.01,0.01,146.7
220,9:10,4.02,-6.73,-0.33,196.93,0.01,0.01,0.01,141.3
220,9:20,3.28,-6.41,-0.13,137.39,0.01,0.01,0.01,141.3
220,9:30,2.97,-7.22,0.12,126.29,0.01,0.01,0.01,141.3
220,9:40,3.42,-5.32,0.36,161.4,0.01,0.01,0.01,135.86
220,9:50,3.62,-0.27,0.78,195.18,0.01,0.01,0.01,130.73
220,10:00,4.27,1.32,0.99,259.06,0.01,0.01,0.01,130.73
220,10:10,4.74,0.1,0.54,302.95,0.01,0.01,0.01,139.78
220,10:20,4.86,-2.04,0.6,290.96,0.01,0.01,0.01,141.35
220,10:30,4.51,-4.14,0.58,257.19,0.01,0.01,0.01,141.35
220,10:40,3.49,-4.81,0.21,161.13,0.01,0.01,0.01,141.35
220,10:50,2.61,-5.07,0.87,96.24,0.01,0.01,0.01,141.35
220,11:00,2.79,2.84,1.76,120.87,0.01,0.01,0.01,141.35
220,11:10,2.76,4.68,2.32,99.21,0.01,0.01,0.01,141.35
220,11:20,3.13,-2.05,1.6,130.64,0.01,0.01,0.01,151.76
220,11:30,3.13,-6.13,2.23,133.83,0.01,0.01,0.01,153.96
220,11:40,2.87,-6.54,2.08,113.94,0.01,0.01,0.01,153.96
220,11:50,3.19,-3.66,2.13,117.48,0.01,0.01,0.01,153.96
220,12:00,3.04,-4.76,2.67,98.19,0.01,0.01,0.01,153.96
220,12:10,2.28,-3.6,2.79,66.11,0.01,0.01,0.01,153.96
220,12:20,2.46,-2.69,2.96,65.15,0.01,0.01,0.01,153.96
220,12:30,2.63,-2.35,3.68,72.93,0.01,0.01,0.01,153.96
220,12:40,2.47,4.03,3.82,70.71,0.01,0.01,0.01,153.96
220,12:50,2.05,5.83,3.87,27.44,0.01,0.01,0.01,165.42
220,13:00,1.85,0.68,4.34,21.95,0.01,0.01,0.01,166.53
220,13:10,1.63,-8.29,4.49,7.0,1.13,1.13,1.13,161.9
220,13:20,1.33,5.18,4.06,-0.3,44.28,44.27,44.31,153.91
220,13:30,2.15,23.31,4.4,-0.3,90.12,90.11,90.18,153.91
220,13:40,1.94,16.81,4.66,-0.3,90.12,90.11,90.18,153.91
220,13:50,1.71,16.96,4.91,-0.3,90.12,90.11,90.18,153.91
220,14:00,1.49,26.07,5.13,-0.3,90.12,90.11,90.18,153.91
220,14:10,1.52,18.52,5.2,-0.3,90.12,90.11,90.18,153.91
220,14:20,1.37,8.76,5.37,-0.3,90.12,90.11,90.18,153.91
220,14:30,1.35,15.67,5.43,-0.3,90.12,90.11,90.18,153.91
220,14:40,1.39,33.58,5.61,-0.3,90.12,90.11,90.18,153.91
220,14:50,1.12,28.41,5.92,-0.3,90.12,90.11,90.18,153.91
220,15:00,1.04,30.65,6.17,-0.3,90.12,90.11,90.18,153.91
220,15:10,1.23,25.63,6.54,-0.3,90.12,90.11,90.18,153.91
220,15:20,1.1,15.79,6.68,-0.3,90.12,90.11,90.18,153.91
220,15:30,0.92,37.12,6.65,-0.3,90.12,90.11,90.18,153.91
220,15:40,0.85,6.58,6.54,-0.3,90.12,90.11,90.18,153.91
220,15:50,0.75,28.95,6.81,-0.3,90.12,90.11,90.18,153.91
220,16:00,0.97,38.2,7.12,-0.3,90.12,90.11,90.18,153.91
220,16:10,0.87,8.97,7.3,-0.3,90.12,90.11,90.18,153.91
220,16:20,0.39,12.16,7.38,-0.3,90.12,90.11,90.18,153.91
220,16:30,0.53,-43.69,7.51,-0.3,90.12,90.11,90.18,153.91
220,16:40,0.71,-6.57,7.47,-0.3,90.12,90.11,90.18,153.91
220,16:50,0.94,-6.36,7.26,-0.3,90.12,90.11,90.18,153.91
220,17:00,0.87,53.31,7.22,-0.3,90.12,90.11,90.18,153.91
220,17:10,0.74,41.67,7.42,-0.3,90.12,90.11,90.18,153.91
220,17:20,0.97,37.82,7.36,-0.3,90.12,90.11,90.18,153.91
220,17:30,1.08,19.87,7.15,-0.3,90.12,90.11,90.18,153.91
220,17:40,1.07,7.32,6.76,-0.3,90.12,90.11,90.18,153.91
220,17:50,0.99,22.51,6.38,-0.3,90.12,90.11,90.18,153.91
220,18:00,1.3,28.05,5.86,-0.3,90.12,90.11,90.18,153.91
220,18:10,1.48,39.23,5.56,-0.3,90.12,90.11,90.18,153.91
220,18:20,1.99,29.45,4.93,-0.3,90.12,90.11,90.18,153.91
220,18:30,3.32,3.93,4.37,75.26,33.74,33.73,33.75,165.98
220,18:40,3.5,2.81,4.65,161.58,0.01,0.01,0.01,169.43
220,18:50,3.86,6.41,4.65,198.46,0.01,0.01,0.01,169.43
220,19:00,4.02,4.96,4.52,232.81,0.01,0.01,0.01,169.43
220,19:10,4.62,2.69,4.46,352.95,0.01,0.01,0.01,169.43
220,19:20,5.78,0.38,4.13,457.95,0.01,0.01,0.01,169.43
220,19:30,5.93,2.0,3.64,479.34,0.01,0.01,0.01,169.43
220,19:40,6.36,-1.12,3.36,549.44,0.01,0.01,0.01,169.43
220,19:50,6.58,-3.76,3.03,584.9,0.01,0.01,0.01,169.43
220,20:00,6.81,-4.42,2.77,579.13,0.01,0.01,0.01,169.43
220,20:10,6.9,-3.79,2.61,567.47,0.01,0.01,0.01,169.43
220,20:20,6.61,-4.51,2.38,534.07,0.01,0.01,0.01,169.43
220,20:30,6.44,-4.2,2.25,514.75,0.01,0.01,0.01,169.43
220,20:40,6.36,-4.82,2.07,523.82,0.01,0.01,0.01,165.72
220,20:50,5.93,-2.64,1.9,475.12,0.01,0.01,0.01,160.91
220,21:00,5.64,-4.66,1.77,422.52,0.01,0.01,0.01,157.45
220,21:10,5.26,0.06,1.68,401.78,0.01,0.01,0.01,152.33
220,21:20,5.18,-0.49,1.64,396.54,0.01,0.01,0.01,152.33
220,21:30,5.62,-2.15,1.58,444.45,0.01,0.01,0.01,152.33
220,21:40,6.09,-2.39,1.52,509.34,0.01,0.01,0.01,152.33
220,21:50,6.53,-4.21,1.4,564.48,0.01,0.01,0.01,152.33
220,22:00,6.06,-5.84,1.36,520.35,0.01,0.01,0.01,152.32
220,22:10,5.43,-2.1,1.19,502.87,0.01,0.01,0.01,143.77
220,22:20,6.6,-6.11,1.05,526.12,0.01,0.01,0.01,143.55
220,22:30,6.66,-2.41,0.86,577.04,0.01,0.01,0.01,135.11
220,22:40,6.16,-3.57,0.79,495.07,0.01,0.01,0.01,135.1
220,22:50,6.03,-1.33,0.9,487.09,0.01,0.01,0.01,135.1
220,23:00,5.94,-0.15,0.9,468.35,0.01,0.01,0.01,135.1
220,23:10,5.97,0.3,0.93,502.23,0.01,0.01,0.01,135.1
220,23:20,6.7,0.78,0.86,614.63,0.01,0.01,0.01,135.1
220,23:30,7.23,4.6,0.84,748.68,0.01,0.01,0.01,135.2
220,23:40,7.96,-2.33,0.48,853.12,0.01,0.01,0.01,143.71
220,23:50,8.09,-5.01,0.45,731.33,2.37,2.37,2.37,143.72
221,0:00,8.05,-5.93,1.06,413.47,8.39,8.39,8.39,143.72
221,0:10,8.06,-6.41,1.19,572.2,5.38,5.38,5.38,143.72
221,0:20,8.11,-4.47,0.31,866.27,0.01,0.01,0.01,143.72
221,0:30,8.11,-5.1,0.02,842.92,0.01,0.01,0.01,143.72
221,0:40,7.66,-6.39,0.04,752.45,0.01,0.01,0.01,143.72
221,0:50,7.42,-6.37,-0.03,714.37,0.01,0.01,0.01,141.81
221,1:00,7.54,-0.59,-0.09,794.14,0.01,0.01,0.01,135.15
221,1:10,7.86,-0.55,-0.52,832.63,0.01,0.01,0.01,135.15
221,1:20,8.25,-1.32,-0.51,929.38,0.01,0.01,0.01,135.15
221,1:30,8.18,-2.18,-0.59,918.07,0.01,0.01,0.01,135.15
221,1:40,8.75,-3.22,-0.35,1077.25,0.01,0.01,0.01,135.15
221,1:50,8.25,-4.89,-0.36,900.85,0.01,0.01,0.01,135.15
221,2:00,7.81,-1.43,-0.57,864.19,0.01,0.01,0.01,135.15
221,2:10,7.75,-0.3,-0.58,787.52,2.08,2.08,2.08,135.15
221,2:20,8.12,-1.15,0.33,486.48,8.33,8.33,8.33,135.15
221,2:30,8.8,1.09,0.73,552.06,8.9,8.9,8.9,135.15
221,2:40,9.55,2.38,0.82,757.0,7.84,7.84,7.84,135.15
221,2:50,9.31,1.22,-0.11,1251.16,0.26,0.27,0.26,135.15
221,3:00,9.26,1.85,-0.7,1265.29,0.01,0.01,0.01,135.15
221,3:10,9.02,0.74,-0.93,1203.19,0.01,0.01,0.01,135.15
221,3:20,9.08,0.31,-1.14,1244.01,0.01,0.01,0.01,135.15
221,3:30,9.35,-0.06,-1.0,1284.16,0.01,0.01,0.01,135.15
221,3:40,8.82,-1.47,-1.26,1157.66,0.01,0.01,0.01,135.15
221,3:50,8.9,-0.66,-1.31,1133.95,0.01,0.01,0.01,135.15
221,4:00,8.44,-0.2,-1.39,1030.61,0.01,0.01,0.01,135.15
221,4:10,8.19,-2.12,-1.61,931.28,0.01,0.01,0.01,135.15
221,4:20,8.31,-2.77,-1.61,993.49,0.01,0.01,0.01,135.15
221,4:30,8.34,-1.65,-1.62,992.81,0.01,0.01,0.01,135.15
221,4:40,8.1,-3.02,-1.76,935.84,0.01,0.01,0.01,135.15
221,4:50,7.86,-4.86,-1.8,877.26,0.01,0.01,0.01,135.15
221,5:00,7.93,-2.55,-1.84,893.6,0.01,0.01,0.01,135.15
221,5:10,7.8,-2.57,-1.93,906.87,0.01,0.01,0.01,135.15
221,5:20,8.0,-1.79,-1.95,948.95,0.01,0.01,0.01,135.15
221,5:30,8.15,0.67,-1.95,1000.84,0.01,0.01,0.01,135.15
221,5:40,7.95,1.38,-2.11,931.78,0.01,0.01,0.01,135.15
221,5:50,7.79,2.72,-2.2,886.64,0.01,0.01,0.01,135.15
221,6:00,7.77,3.17,-2.38,898.4,0.01,0.01,0.01,135.15
221,6:10,7.57,1.52,-2.56,815.07,0.01,0.01,0.01,135.15
221,6:20,7.11,-0.66,-2.5,699.86,0.02,0.02,0.01,139.62
221,6:30,6.52,-0.43,-2.16,603.67,0.02,0.02,0.02,135.15
221,6:40,6.51,1.18,-2.09,568.93,0.02,0.02,0.02,141.54
221,6:50,5.87,-2.09,-2.03,480.8,0.02,0.02,0.02,137.23
221,7:00,6.76,4.01,-2.02,696.89,0.01,0.01,0.01,135.15
221,7:10,7.48,2.03,-2.38,846.55,0.01,0.01,0.01,135.14
221,7:20,8.12,1.72,-2.4,962.86,0.01,0.01,0.01,139.16
221,7:30,6.86,-2.45,-2.51,668.12,0.02,0.02,0.02,143.72
221,7:40,7.19,-2.27,-2.45,713.68,0.02,0.01,0.02,143.72
221,7:50,7.58,-3.1,-2.4,770.7,0.02,0.01,0.03,143.72
221,8:00,8.14,-3.32,-2.65,892.79,0.02,0.01,0.03,143.72
221,8:10,7.4,-0.95,-2.73,748.6,0.02,0.01,0.03,143.72
221,8:20,7.21,-5.53,-2.45,747.25,0.01,0.01,0.02,143.72
221,8:30,8.17,-2.75,-2.61,967.24,0.01,0.01,0.01,143.72
221,8:40,8.27,-2.62,-2.66,915.69,0.01,0.01,0.01,143.72
221,8:50,7.18,-6.46,-2.56,654.77,0.01,0.01,0.01,143.72
221,9:00,7.09,-5.21,-2.55,643.51,0.03,0.03,0.03,143.72
221,9:10,6.48,-3.55,-2.42,539.29,0.02,0.02,0.02,143.72
221,9:20,6.47,-3.13,-2.42,552.7,0.02,0.01,0.01,143.72
221,9:30,6.91,-2.98,-2.37,613.04,0.02,0.02,0.02,143.72
221,9:40,7.36,-4.91,-2.32,719.35,0.02,0.01,0.01,143.72
221,9:50,6.84,-4.12,-2.41,611.38,0.02,0.02,0.02,143.72
221,10:00,5.86,-6.14,-2.31,427.02,0.02,0.02,0.02,143.72
221,10:10,4.69,-4.91,-2.22,284.37,0.03,0.02,0.02,143.72
221,10:20,5.57,-0.95,-1.84,478.93,0.02,0.02,0.02,143.72
221,10:30,5.17,-0.54,-1.66,473.04,0.02,0.02,0.02,143.72
221,10:40,4.86,0.77,-1.47,377.61,0.02,0.02,0.02,143.72
221,10:50,5.15,0.36,-1.16,404.22,0.02,0.02,0.02,143.72
221,11:00,5.72,1.16,-1.02,501.38,0.02,0.02,0.02,143.72
221,11:10,5.1,2.27,-0.8,397.87,0.02,0.02,0.02,145.3
221,11:20,5.11,-1.69,-0.59,391.66,0.02,0.02,0.02,148.11
221,11:30,5.33,2.84,-0.49,428.19,0.02,0.02,0.02,143.43
221,11:40,4.85,-1.73,-0.55,362.66,0.02,0.02,0.02,150.74
221,11:50,5.5,-4.05,-0.37,436.78,0.02,0.02,0.02,152.02
221,12:00,5.66,-3.99,-0.16,468.13,0.02,0.02,0.02,152.02
221,12:10,5.52,-2.57,0.1,450.42,0.02,0.02,0.02,146.39
221,12:20,5.24,-1.37,0.5,393.46,0.04,0.04,0.03,143.41
221,12:30,4.76,2.57,0.9,332.76,0.03,0.04,0.03,143.36
221,12:40,4.79,5.26,1.25,300.92,0.03,0.03,0.03,144.29
221,12:50,4.94,-0.44,1.56,317.69,0.02,0.02,0.02,153.85
221,13:00,4.99,-1.61,1.61,340.97,0.03,0.03,0.03,153.85
221,13:10,4.5,0.97,1.74,283.93,0.02,0.02,0.03,153.85
221,13:20,4.68,-0.35,2.01,308.73,0.02,0.02,0.02,153.85
221,13:30,4.9,1.53,2.17,307.89,0.03,0.03,0.02,151.25
221,13:40,4.55,1.93,2.51,274.14,0.03,0.02,0.02,155.87
221,13:50,4.69,0.06,2.9,267.54,0.03,0.03,0.03,155.87
221,14:00,4.35,0.7,3.17,259.85,0.03,0.03,0.03,160.4
221,14:10,4.6,-4.41,3.08,263.91,0.02,0.02,0.02,166.46
221,14:20,4.56,-3.16,3.02,244.32,0.02,0.02,0.02,162.86
221,14:30,4.35,-1.71,3.43,233.26,0.02,0.02,0.02,161.6
221,14:40,4.02,-3.58,3.83,207.68,0.02,0.02,0.02,155.87
221,14:50,3.82,0.25,3.86,182.13,0.02,0.02,0.02,155.87
221,15:00,3.87,-0.81,4.48,170.48,0.02,0.02,0.02,155.87
221,15:10,4.09,0.88,4.63,196.19,0.02,0.02,0.02,155.87
221,15:20,4.09,2.71,4.73,198.16,0.02,0.02,0.02,155.87
221,15:30,4.15,0.44,5.14,215.42,0.02,0.02,0.02,155.87
221,15:40,3.28,3.41,5.01,185.86,0.02,0.02,0.02,156.39
221,15:50,4.42,-2.97,5.14,232.3,0.02,0.02,0.02,166.46
221,16:00,4.97,-4.87,5.21,319.31,0.02,0.02,0.02,166.46
221,16:10,4.85,-3.81,5.04,321.4,0.02,0.02,0.02,166.46
221,16:20,4.82,-4.63,5.12,292.72,0.02,0.02,0.02,166.46
221,16:30,4.98,-5.13,5.01,317.45,0.02,0.02,0.02,166.46
221,16:40,4.64,-3.49,4.84,301.83,0.02,0.02,0.02,166.46
221,16:50,4.7,-6.39,4.67,299.59,0.02,0.02,0.02,166.46
221,17:00,5.24,-5.43,4.4,357.82,0.02,0.02,0.02,164.36
221,17:10,5.04,-5.66,4.09,355.45,0.02,0.02,0.02,157.27
221,17:20,5.89,2.86,3.84,490.93,0.02,0.02,0.02,149.27
221,17:30,6.58,4.6,3.6,636.17,0.02,0.02,0.02,149.27
221,17:40,6.36,2.35,3.05,631.28,0.02,0.02,0.02,150.49
221,17:50,6.98,-5.59,2.36,625.72,0.02,0.02,0.02,157.8
221,18:00,6.96,-6.2,2.14,613.08,0.02,0.02,0.02,157.8
221,18:10,7.01,-5.98,1.74,606.54,0.02,0.02,0.02,157.26
221,18:20,7.15,-0.99,1.41,670.23,0.02,0.02,0.02,149.23
221,18:30,7.23,-2.98,1.15,691.48,0.02,0.02,0.02,149.23
221,18:40,7.49,-4.5,0.63,700.04,0.02,0.02,0.02,149.23
221,18:50,6.93,-6.48,0.83,592.86,0.02,0.02,0.02,148.3
221,19:00,6.51,-4.04,0.67,559.01,0.02,0.02,0.02,140.66
221,19:10,7.27,-1.09,0.37,689.19,0.02,0.02,0.02,140.66
221,19:20,7.45,-2.23,0.02,811.61,0.02,0.02,0.02,140.66
221,19:30,8.65,0.69,-0.17,1067.95,0.02,0.02,0.02,140.66
221,19:40,9.12,3.0,-0.23,1061.27,2.51,2.51,2.51,140.66
221,19:50,8.98,1.51,0.31,701.47,7.78,7.78,7.78,140.66
221,20:00,9.15,-0.06,0.12,954.52,4.71,4.7,4.71,140.66
221,20:10,9.52,-4.79,-0.33,1246.12,0.56,0.56,0.56,140.66
221,20:20,10.57,-3.94,-0.12,1485.32,1.93,1.93,1.93,140.66
221,20:30,11.8,-1.02,0.7,1515.47,6.13,6.13,6.13,140.64
221,20:40,12.0,-0.64,1.07,1516.76,6.98,6.98,6.98,140.62
221,20:50,11.91,-2.26,1.19,1518.33,6.62,6.62,6.62,140.62
221,21:00,12.5,-5.67,1.34,1519.92,6.96,6.96,6.96,140.62
221,21:10,12.91,-9.0,1.49,1519.84,7.08,7.08,7.08,140.62
221,21:20,12.71,-7.61,1.52,1519.8,7.36,7.36,7.36,140.62
221,21:30,12.91,-7.97,1.68,1519.71,7.61,7.61,7.61,140.62
221,21:40,12.72,-8.72,1.73,1519.21,6.79,6.79,6.79,140.62
221,21:50,11.71,-2.33,1.85,1519.63,6.21,6.21,6.21,131.87
221,22:00,10.65,-2.43,1.48,1516.2,3.45,3.45,3.45,130.03
221,22:10,10.76,-3.38,1.34,1509.22,2.99,2.99,2.99,130.02
221,22:20,10.34,-1.73,1.2,1503.6,2.36,2.36,2.36,130.02
221,22:30,9.59,0.02,0.95,1409.95,0.49,0.49,0.49,130.02
221,22:40,8.76,-5.13,0.28,1061.36,0.01,0.01,0.01,129.58
221,22:50,9.15,-0.08,0.25,1260.74,0.01,0.02,0.02,121.42
221,23:00,9.63,5.01,0.8,1425.75,0.2,0.2,0.2,121.42
221,23:10,8.85,4.97,0.98,1380.63,0.32,0.32,0.32,121.42
221,23:20,8.32,6.16,0.8,1290.93,0.02,0.02,0.02,121.7
221,23:30,8.8,1.37,0.74,1396.25,0.74,0.74,0.74,130.02
221,23:40,8.78,1.67,1.03,1349.29,0.23,0.23,0.23,135.58
221,23:50,9.32,-0.81,1.25,1444.03,1.13,1.13,1.13,138.62
222,0:00,9.23,-0.18,1.26,1472.7,1.0,1.0,1.0,138.62
222,0:10,9.92,1.39,1.51,1507.69,3.0,3.0,2.99,138.62
222,0:20,9.38,1.84,1.55,1496.05,1.49,1.49,1.49,138.62
222,0:30,9.17,0.65,1.27,1490.24,0.91,0.91,0.91,138.62
222,0:40,9.21,-2.7,0.9,1419.61,0.28,0.27,0.28,138.62
222,0:50,8.7,-1.21,0.76,1308.37,0.02,0.02,0.02,138.62
222,1:00,8.35,-1.9,0.5,1214.51,0.02,0.03,0.03,138.62
222,1:10,7.93,-4.47,0.3,1024.84,0.03,0.04,0.03,138.62
222,1:20,8.16,-3.59,0.35,1117.74,0.04,0.04,0.04,138.62
222,1:30,8.94,-3.08,0.62,1169.12,0.04,0.04,0.04,134.15
222,1:40,8.93,-0.65,0.54,1201.08,0.01,0.01,0.01,130.97
222,1:50,9.11,0.2,0.66,1243.77,0.02,0.02,0.02,130.97
222,2:00,8.67,-2.11,0.78,1102.71,0.02,0.02,0.02,130.97
222,2:10,7.54,-0.12,0.36,826.06,0.02,0.02,0.02,130.97
222,2:20,7.12,-1.51,0.69,677.82,0.02,0.02,0.02,130.97
222,2:30,6.1,-3.48,0.88,456.2,0.02,0.02,0.02,130.97
222,2:40,6.29,-1.21,1.0,486.41,0.02,0.02,0.02,130.97
222,2:50,6.4,2.43,1.11,545.62,0.02,0.02,0.02,130.97
222,3:00,6.43,2.77,1.07,513.93,0.02,0.02,0.02,130.97
222,3:10,5.99,-5.2,1.27,422.05,0.02,0.02,0.02,130.97
222,3:20,4.44,-0.72,1.4,206.42,0.02,0.02,0.02,132.18
222,3:30,4.03,-5.8,1.76,151.65,0.02,0.02,0.02,141.54
222,3:40,3.46,-2.95,1.98,104.96,0.02,0.02,0.02,141.54
222,3:50,2.54,6.85,2.5,27.49,0.02,0.02,0.02,158.43
222,4:00,1.69,9.59,1.8,18.8,0.02,0.02,0.02,189.33
222,4:10,2.65,-5.15,1.94,77.91,0.02,0.02,0.02,196.97
222,4:20,3.13,6.56,1.44,105.11,0.02,0.02,0.02,194.8
222,4:30,2.94,4.12,0.96,74.13,0.02,0.02,0.02,212.14
222,4:40,2.08,2.78,0.99,54.96,0.02,0.02,0.02,238.67
222,4:50,1.57,4.26,0.45,19.68,0.02,0.02,0.02,242.88
222,5:00,0.76,17.8,-0.17,-0.62,62.0,61.81,62.01,242.88
222,5:10,0.72,33.0,-0.41,-0.3,90.17,89.88,90.18,242.88
222,5:20,1.1,30.0,-0.65,-0.3,90.17,89.88,90.18,242.88
222,5:30,2.14,75.08,-0.18,-0.3,90.17,89.88,90.18,242.88
222,5:40,2.62,43.41,0.11,-0.3,87.84,87.64,87.85,298.38
222,5:50,2.21,-5.4,-0.71,-0.3,89.26,89.07,89.26,356.68
222,6:00,1.65,7.72,-1.33,-0.3,90.17,89.96,90.17,356.68
222,6:10,1.35,38.81,-1.03,-0.3,90.17,89.96,90.17,356.68
222,6:20,2.32,15.53,-0.91,-0.3,90.17,89.96,90.17,356.68
222,6:30,1.43,16.98,-0.72,-0.3,90.17,89.96,90.17,356.68
222,6:40,1.98,20.79,-0.73,-0.3,90.17,89.96,90.17,356.68
222,6:50,2.7,-2.63,-1.0,-0.3,59.4,59.29,59.4,351.73
222,7:00,2.55,-8.32,-0.57,-0.3,30.81,30.79,30.82,334.79
222,7:10,4.09,-0.37,-0.21,184.59,0.65,0.65,0.65,317.7
222,7:20,3.3,-1.09,0.24,132.86,0.01,0.01,0.01,317.7
222,7:30,3.38,-3.03,0.29,151.71,0.01,0.01,0.01,317.7
222,7:40,3.61,-7.03,0.35,168.59,0.01,0.01,0.01,314.95
222,7:50,4.15,2.9,0.23,271.77,0.01,0.01,0.01,307.08
222,8:00,6.82,-4.19,-0.26,704.36,0.01,0.01,0.01,307.08
222,8:10,4.7,0.09,-1.1,357.22,0.01,0.01,0.01,307.08
222,8:20,4.8,0.92,-1.02,357.0,0.01,0.01,0.01,312.78
222,8:30,4.52,-2.57,-1.09,279.67,0.01,0.01,0.01,314.43
222,8:40,4.19,0.99,-0.88,232.42,0.01,0.01,0.01,305.1
222,8:50,3.77,-0.67,-1.34,189.44,0.01,0.01,0.01,305.1
222,9:00,2.56,1.31,-0.9,85.54,0.01,0.01,0.01,305.1
222,9:10,1.96,6.22,-0.74,43.47,0.01,0.01,0.01,305.1
222,9:20,2.25,-0.49,-0.49,54.88,0.01,0.01,0.01,315.48
222,9:30,3.07,-4.83,-1.4,107.61,0.01,0.01,0.01,317.71
222,9:40,2.55,-5.76,-1.18,81.73,0.01,0.01,0.01,317.71
222,9:50,2.71,-3.04,-0.94,95.57,0.01,0.01,0.01,317.71
222,10:00,3.21,3.41,-1.26,127.19,0.01,0.01,0.01,321.59
222,10:10,3.05,-0.65,-0.78,99.09,0.01,0.01,0.01,328.31
222,10:20,2.53,-2.54,-0.94,71.76,0.01,0.01,0.01,328.31
222,10:30,2.28,-2.53,-0.88,55.09,0.01,0.01,0.01,328.31
222,10:40,3.12,-4.91,-0.34,112.46,0.01,0.01,0.01,328.31
222,10:50,3.78,-0.52,-0.66,161.5,0.01,0.01,0.01,318.25
222,11:00,3.28,-1.33,-0.02,120.38,1.2,1.2,1.2,317.71
222,11:10,3.99,-5.34,-0.46,35.87,61.3,61.14,61.31,317.71
222,11:20,4.15,-2.46,0.09,238.19,1.02,1.02,1.02,317.71
222,11:30,4.1,0.14,-0.14,261.12,0.2,0.2,0.2,317.71
222,11:40,4.63,1.74,-0.01,293.79,0.02,0.03,0.02,317.71
222,11:50,4.92,4.59,0.26,349.55,0.02,0.02,0.02,317.71
222,12:00,5.36,2.38,0.32,431.04,0.02,0.02,0.02,317.7
222,12:10,6.45,0.94,0.26,616.64,0.03,0.03,0.03,322.25
222,12:20,5.92,-5.0,0.09,497.12,0.02,0.02,0.02,326.29
222,12:30,5.15,-1.16,0.24,400.02,0.03,0.03,0.03,323.6
222,12:40,4.65,-5.64,0.43,294.24,0.03,0.03,0.03,326.2
222,12:50,5.21,-2.19,0.63,438.29,0.02,0.02,0.02,319.31
222,13:00,5.8,1.04,0.62,513.51,0.02,0.02,0.02,324.08
222,13:10,5.66,-0.03,0.59,484.01,0.02,0.02,0.02,324.2
222,13:20,4.51,-0.21,0.76,287.55,0.02,0.02,0.02,329.57
222,13:30,5.62,-5.6,1.0,436.19,0.02,0.02,0.02,332.79
222,13:40,5.24,-2.41,1.07,371.0,0.03,0.02,0.02,325.1
222,13:50,4.78,1.33,1.14,300.25,0.02,0.02,0.03,316.42
222,14:00,5.08,3.05,1.37,375.93,0.02,0.02,0.02,315.58
222,14:10,5.52,4.81,1.36,454.91,0.02,0.02,0.02,316.01
222,14:20,5.47,-3.56,1.19,413.38,0.02,0.02,0.02,324.2
222,14:30,4.97,1.57,1.32,337.44,0.02,0.02,0.02,324.2
222,14:40,5.36,-1.0,1.46,393.34,0.02,0.02,0.02,328.71
222,14:50,5.68,-1.67,1.45,454.6,0.02,0.02,0.02,322.59
222,15:00,5.66,2.67,1.5,479.68,0.95,0.95,0.95,315.58
222,15:10,6.37,-0.16,1.62,520.62,2.13,2.13,2.13,318.33
222,15:20,4.85,-1.79,1.53,349.11,0.62,0.62,0.62,315.61
222,15:30,5.4,-0.68,1.76,437.61,0.02,0.02,0.02,315.61
222,15:40,5.69,-0.95,1.88,435.63,0.02,0.02,0.02,314.35
222,15:50,5.06,-2.79,1.81,353.01,0.02,0.02,0.02,315.58
222,16:00,5.1,-4.44,1.73,370.2,0.02,0.03,0.03,315.58
222,16:10,5.84,-0.79,1.6,506.86,0.02,0.02,0.02,310.49
222,16:20,5.98,-1.33,1.58,560.45,0.02,0.02,0.02,315.54
222,16:30,5.93,-1.44,1.44,560.51,0.04,0.04,0.04,315.57
222,16:40,7.3,2.56,1.13,833.73,0.04,0.04,0.04,315.57
222,16:50,7.27,2.91,0.96,842.32,0.03,0.03,0.03,315.57
222,17:00,6.75,-0.02,1.54,754.7,0.04,0.04,0.04,315.57
222,17:10,7.6,0.34,1.07,885.86,0.1,0.1,0.1,315.57
222,17:20,7.65,-0.55,1.45,960.75,0.43,0.43,0.43,315.57
222,17:30,8.45,-0.16,1.42,1107.91,0.28,0.28,0.28,315.57
222,17:40,7.64,1.64,1.05,917.08,0.05,0.05,0.05,315.58
222,17:50,7.6,0.34,1.07,962.8,0.04,0.04,0.04,315.58
222,18:00,6.53,0.21,1.01,688.86,0.01,0.01,0.01,315.58
222,18:10,5.32,-2.44,1.21,451.67,0.01,0.01,0.01,313.93
222,18:20,5.98,2.42,1.34,571.23,0.02,0.02,0.02,312.71
222,18:30,4.78,-0.22,1.1,341.51,0.02,0.02,0.02,312.28
222,18:40,4.62,1.11,1.26,289.5,0.03,0.03,0.03,314.53
222,18:50,4.43,-4.24,1.32,264.17,0.02,0.02,0.02,313.8
222,19:00,4.25,-0.66,1.33,247.31,0.02,0.02,0.02,307.32
222,19:10,4.27,-1.89,1.19,240.69,0.02,0.02,0.02,307.32
222,19:20,4.51,-2.34,1.38,280.84,0.03,0.03,0.03,307.32
222,19:30,4.29,-3.02,1.6,238.77,0.02,0.02,0.02,307.32
222,19:40,4.51,-2.27,1.57,313.62,0.02,0.03,0.02,307.32
222,19:50,5.01,-2.34,1.53,394.03,0.02,0.02,0.02,307.32
222,20:00,5.57,-3.08,1.41,534.85,0.02,0.02,0.02,307.3
222,20:10,5.22,0.28,1.22,452.25,0.02,0.02,0.02,307.3
222,20:20,4.88,2.98,1.44,373.96,0.02,0.02,0.02,307.3
222,20:30,5.18,1.33,1.49,423.9,0.02,0.02,0.02,312.58
222,20:40,5.59,-2.2,1.34,483.48,0.02,0.02,0.02,313.73
222,20:50,5.56,0.31,1.44,500.34,0.03,0.03,0.03,314.32
222,21:00,6.86,0.62,1.03,686.32,0.01,0.01,0.01,317.06
222,21:10,5.85,2.32,0.91,492.95,0.01,0.01,0.01,317.07
222,21:20,5.37,4.79,0.94,417.11,0.01,0.01,0.01,318.68
222,21:30,5.1,-2.27,0.85,365.83,0.01,0.01,0.01,325.67
222,21:40,4.73,-3.24,0.79,304.89,0.01,0.01,0.01,325.67
222,21:50,4.7,-3.98,0.75,271.34,0.01,0.01,0.01,325.67
222,22:00,4.08,-1.78,0.94,207.9,0.01,0.01,0.01,325.67
222,22:10,4.29,-4.63,0.93,225.51,0.01,0.01,0.01,325.67
222,22:20,4.36,1.32,0.84,228.39,0.01,0.01,0.01,325.67
222,22:30,3.63,4.6,1.03,153.01,0.01,0.01,0.01,328.88
222,22:40,3.18,-3.19,1.02,115.87,0.01,0.01,0.01,336.19
222,22:50,3.17,-7.19,1.17,125.1,0.01,0.01,0.01,336.19
222,23:00,3.21,-5.3,0.79,126.38,0.01,0.01,0.01,336.19
222,23:10,3.09,-6.42,0.92,127.3,0.01,0.01,0.01,336.19
222,23:20,3.49,-4.7,0.72,151.86,0.01,0.01,0.01,336.19
222,23:30,3.22,-2.11,1.04,115.05,1.59,1.59,1.59,328.97
222,23:40,3.12,-2.87,0.99,140.84,0.01,0.01,0.01,325.6
222,23:50,2.83,-3.4,0.88,89.25,1.44,1.44,1.44,325.6
